training_pool,id,sample_index,label,reference,k,panel,replicate,signed_score_movement_toward_reference,absolute_logit_change,predicted_IG_change,observed_logit_change,renormalized
YA,GSE298393:GSM9013398,3,0,training_ground_mean_TPM,25,top,-1,1.2903687836246718,1.2903687836246718,-1.3860576902822777,-1.2903687836246718,False
YA,GSE298393:GSM9013398,3,0,training_ground_mean_TPM,25,top,-1,1.2397096640704603,1.2397096640704603,-1.3860576902822777,-1.2397096640704603,True
YA,GSE298393:GSM9013398,3,0,training_ground_mean_TPM,25,matched_random,0,0.10913201435118935,0.10913201435118935,-0.10351518269651068,-0.10913201435118935,False
YA,GSE298393:GSM9013398,3,0,training_ground_mean_TPM,25,matched_random,1,0.16381997646635682,0.16381997646635682,-0.16940043145886097,-0.16381997646635682,False
YA,GSE298393:GSM9013398,3,0,training_ground_mean_TPM,25,matched_random,2,-0.03183153410327577,0.03183153410327577,0.020957975887572616,0.03183153410327577,False
YA,GSE298393:GSM9013398,3,0,training_ground_mean_TPM,25,matched_random,3,-0.01954894973869159,0.01954894973869159,0.008289493994068451,0.01954894973869159,False
YA,GSE298393:GSM9013398,3,0,training_ground_mean_TPM,25,matched_random,4,0.13900083790986173,0.13900083790986173,-0.1444214148731309,-0.13900083790986173,False
YA,GSE298393:GSM9013398,3,0,training_ground_mean_TPM,25,matched_random,5,0.08435368583946001,0.08435368583946001,-0.07477324453681822,-0.08435368583946001,False
YA,GSE298393:GSM9013398,3,0,training_ground_mean_TPM,25,matched_random,6,-0.001216683668872065,0.001216683668872065,-0.004213007225628582,0.001216683668872065,False
YA,GSE298393:GSM9013398,3,0,training_ground_mean_TPM,25,matched_random,7,0.2343975041756039,0.2343975041756039,-0.24203093980949375,-0.2343975041756039,False
YA,GSE298393:GSM9013398,3,0,training_ground_mean_TPM,25,matched_random,8,-0.1422624729123072,0.1422624729123072,0.12503552040865556,0.1422624729123072,False
YA,GSE298393:GSM9013398,3,0,training_ground_mean_TPM,25,matched_random,9,0.02837464890649244,0.02837464890649244,-0.028803846024874777,-0.02837464890649244,False
YA,GSE298393:GSM9013398,3,0,training_ground_mean_TPM,25,matched_random,10,0.03188331448882309,0.03188331448882309,-0.03029776424190678,-0.03188331448882309,False
YA,GSE298393:GSM9013398,3,0,training_ground_mean_TPM,25,matched_random,11,0.02808620352379876,0.02808620352379876,-0.031835329126969056,-0.02808620352379876,False
YA,GSE298393:GSM9013398,3,0,training_ground_mean_TPM,25,matched_random,12,-0.003092235985377556,0.003092235985377556,0.008204588760570845,0.003092235985377556,False
YA,GSE298393:GSM9013398,3,0,training_ground_mean_TPM,25,matched_random,13,-0.03563189144665557,0.03563189144665557,0.035015512843167444,0.03563189144665557,False
YA,GSE298393:GSM9013398,3,0,training_ground_mean_TPM,25,matched_random,14,-0.048574253207561924,0.048574253207561924,0.0481929266650222,0.048574253207561924,False
YA,GSE298393:GSM9013398,3,0,training_ground_mean_TPM,25,matched_random,15,-0.22375945423596022,0.22375945423596022,0.18715759905608167,0.22375945423596022,False
YA,GSE298393:GSM9013398,3,0,training_ground_mean_TPM,25,matched_random,16,0.13280332701947373,0.13280332701947373,-0.13038605319248012,-0.13280332701947373,False
YA,GSE298393:GSM9013398,3,0,training_ground_mean_TPM,25,matched_random,17,-0.04526113655651898,0.04526113655651898,0.042398559317900965,0.04526113655651898,False
YA,GSE298393:GSM9013398,3,0,training_ground_mean_TPM,25,matched_random,18,-0.028034526611691035,0.028034526611691035,0.027433280394229716,0.028034526611691035,False
YA,GSE298393:GSM9013398,3,0,training_ground_mean_TPM,25,matched_random,19,0.1004336961577792,0.1004336961577792,-0.10569749357204564,-0.1004336961577792,False
YA,GSE298393:GSM9013398,3,0,training_ground_mean_TPM,100,top,-1,1.322365878251503,1.322365878251503,-1.6667686679911544,-1.322365878251503,False
YA,GSE298393:GSM9013398,3,0,training_ground_mean_TPM,100,top,-1,1.0086795797444665,1.0086795797444665,-1.6667686679911544,-1.0086795797444665,True
YA,GSE298393:GSM9013398,3,0,training_ground_mean_TPM,100,matched_random,0,-0.43755518254624803,0.43755518254624803,0.37602066802036815,0.43755518254624803,False
YA,GSE298393:GSM9013398,3,0,training_ground_mean_TPM,100,matched_random,1,0.1611317530660017,0.1611317530660017,-0.16066818438438057,-0.1611317530660017,False
YA,GSE298393:GSM9013398,3,0,training_ground_mean_TPM,100,matched_random,2,0.15360749449769173,0.15360749449769173,-0.1385276766193746,-0.15360749449769173,False
YA,GSE298393:GSM9013398,3,0,training_ground_mean_TPM,100,matched_random,3,0.10123478941636677,0.10123478941636677,-0.09671544281516747,-0.10123478941636677,False
YA,GSE298393:GSM9013398,3,0,training_ground_mean_TPM,100,matched_random,4,-0.02875907073757844,0.02875907073757844,0.005153563160099566,0.02875907073757844,False
YA,GSE298393:GSM9013398,3,0,training_ground_mean_TPM,100,matched_random,5,-0.10575025786829428,0.10575025786829428,0.08238504527294797,0.10575025786829428,False
YA,GSE298393:GSM9013398,3,0,training_ground_mean_TPM,100,matched_random,6,-0.02838840804975007,0.02838840804975007,0.02218023816265605,0.02838840804975007,False
YA,GSE298393:GSM9013398,3,0,training_ground_mean_TPM,100,matched_random,7,-0.03108123483025338,0.03108123483025338,0.014528831261634019,0.03108123483025338,False
YA,GSE298393:GSM9013398,3,0,training_ground_mean_TPM,100,matched_random,8,0.3184675494774183,0.3184675494774183,-0.30915191372918893,-0.3184675494774183,False
YA,GSE298393:GSM9013398,3,0,training_ground_mean_TPM,100,matched_random,9,0.00530290805227196,0.00530290805227196,0.0009866124671256485,-0.00530290805227196,False
YA,GSE298393:GSM9013398,3,0,training_ground_mean_TPM,100,matched_random,10,0.13876059866197465,0.13876059866197465,-0.13273301619729633,-0.13876059866197465,False
YA,GSE298393:GSM9013398,3,0,training_ground_mean_TPM,100,matched_random,11,0.0012393283195706317,0.0012393283195706317,-0.022916566064247846,-0.0012393283195706317,False
YA,GSE298393:GSM9013398,3,0,training_ground_mean_TPM,100,matched_random,12,0.034539643407924814,0.034539643407924814,-0.06583365643755072,-0.034539643407924814,False
YA,GSE298393:GSM9013398,3,0,training_ground_mean_TPM,100,matched_random,13,-0.026093432151355955,0.026093432151355955,0.009076130532039022,0.026093432151355955,False
YA,GSE298393:GSM9013398,3,0,training_ground_mean_TPM,100,matched_random,14,-0.053314375479430964,0.053314375479430964,0.049143598967739614,0.053314375479430964,False
YA,GSE298393:GSM9013398,3,0,training_ground_mean_TPM,100,matched_random,15,0.007912483873269593,0.007912483873269593,-0.019023662612353897,-0.007912483873269593,False
YA,GSE298393:GSM9013398,3,0,training_ground_mean_TPM,100,matched_random,16,0.06198564568103393,0.06198564568103393,-0.060712052383519254,-0.06198564568103393,False
YA,GSE298393:GSM9013398,3,0,training_ground_mean_TPM,100,matched_random,17,0.016437291311149238,0.016437291311149238,-0.043286930961428154,-0.016437291311149238,False
YA,GSE298393:GSM9013398,3,0,training_ground_mean_TPM,100,matched_random,18,-0.19307684090449584,0.19307684090449584,0.1704321488066359,0.19307684090449584,False
YA,GSE298393:GSM9013398,3,0,training_ground_mean_TPM,100,matched_random,19,-0.14005262030855192,0.14005262030855192,0.11666223672686955,0.14005262030855192,False
YA,GSE298393:GSM9013399,4,0,training_ground_mean_TPM,25,top,-1,2.131522292533191,2.131522292533191,-2.2232569105143862,-2.131522292533191,False
YA,GSE298393:GSM9013399,4,0,training_ground_mean_TPM,25,top,-1,2.1060964586417867,2.1060964586417867,-2.2232569105143862,-2.1060964586417867,True
YA,GSE298393:GSM9013399,4,0,training_ground_mean_TPM,25,matched_random,0,-0.04373615744043491,0.04373615744043491,0.0457136181669498,0.04373615744043491,False
YA,GSE298393:GSM9013399,4,0,training_ground_mean_TPM,25,matched_random,1,0.05156532877481368,0.05156532877481368,-0.05122866789479742,-0.05156532877481368,False
YA,GSE298393:GSM9013399,4,0,training_ground_mean_TPM,25,matched_random,2,0.028436340314328845,0.028436340314328845,-0.035302788953200326,-0.028436340314328845,False
YA,GSE298393:GSM9013399,4,0,training_ground_mean_TPM,25,matched_random,3,-0.051498709761062855,0.051498709761062855,0.04677557719961018,0.051498709761062855,False
YA,GSE298393:GSM9013399,4,0,training_ground_mean_TPM,25,matched_random,4,0.11859894093913681,0.11859894093913681,-0.12009367970909814,-0.11859894093913681,False
YA,GSE298393:GSM9013399,4,0,training_ground_mean_TPM,25,matched_random,5,-0.02979025163335791,0.02979025163335791,0.03184465437266831,0.02979025163335791,False
YA,GSE298393:GSM9013399,4,0,training_ground_mean_TPM,25,matched_random,6,-0.15602579625556245,0.15602579625556245,0.13913764467986647,0.15602579625556245,False
YA,GSE298393:GSM9013399,4,0,training_ground_mean_TPM,25,matched_random,7,-0.01038664229645292,0.01038664229645292,0.002897759983326838,0.01038664229645292,False
YA,GSE298393:GSM9013399,4,0,training_ground_mean_TPM,25,matched_random,8,-0.01951638201580863,0.01951638201580863,0.017040954535362172,0.01951638201580863,False
YA,GSE298393:GSM9013399,4,0,training_ground_mean_TPM,25,matched_random,9,-0.10595987012629848,0.10595987012629848,0.10042106762329592,0.10595987012629848,False
YA,GSE298393:GSM9013399,4,0,training_ground_mean_TPM,25,matched_random,10,0.04566328618807347,0.04566328618807347,-0.04447101583935834,-0.04566328618807347,False
YA,GSE298393:GSM9013399,4,0,training_ground_mean_TPM,25,matched_random,11,-0.08999819208383997,0.08999819208383997,0.09177662393323568,0.08999819208383997,False
YA,GSE298393:GSM9013399,4,0,training_ground_mean_TPM,25,matched_random,12,-0.1537348145427586,0.1537348145427586,0.13355948266445017,0.1537348145427586,False
YA,GSE298393:GSM9013399,4,0,training_ground_mean_TPM,25,matched_random,13,-0.1554851761586633,0.1554851761586633,0.14731320892054822,0.1554851761586633,False
YA,GSE298393:GSM9013399,4,0,training_ground_mean_TPM,25,matched_random,14,0.1470562217796214,0.1470562217796214,-0.1370819073222287,-0.1470562217796214,False
YA,GSE298393:GSM9013399,4,0,training_ground_mean_TPM,25,matched_random,15,-0.048697588922550494,0.048697588922550494,0.05295564783891852,0.048697588922550494,False
YA,GSE298393:GSM9013399,4,0,training_ground_mean_TPM,25,matched_random,16,-0.05369576144994426,0.05369576144994426,0.042823057035421996,0.05369576144994426,False
YA,GSE298393:GSM9013399,4,0,training_ground_mean_TPM,25,matched_random,17,-0.00615777442453691,0.00615777442453691,0.004812600849405761,0.00615777442453691,False
YA,GSE298393:GSM9013399,4,0,training_ground_mean_TPM,25,matched_random,18,0.024886903385322512,0.024886903385322512,-0.025348630022902666,-0.024886903385322512,False
YA,GSE298393:GSM9013399,4,0,training_ground_mean_TPM,25,matched_random,19,0.02847172700626288,0.02847172700626288,-0.02620884630034871,-0.02847172700626288,False
YA,GSE298393:GSM9013399,4,0,training_ground_mean_TPM,100,top,-1,2.4403591801119546,2.4403591801119546,-2.7645238721421928,-2.4403591801119546,False
YA,GSE298393:GSM9013399,4,0,training_ground_mean_TPM,100,top,-1,2.1762212741848543,2.1762212741848543,-2.7645238721421928,-2.1762212741848543,True
YA,GSE298393:GSM9013399,4,0,training_ground_mean_TPM,100,matched_random,0,0.08143273304494869,0.08143273304494869,-0.08803475137296049,-0.08143273304494869,False
YA,GSE298393:GSM9013399,4,0,training_ground_mean_TPM,100,matched_random,1,-0.2707967026103688,0.2707967026103688,0.24893233663187522,0.2707967026103688,False
YA,GSE298393:GSM9013399,4,0,training_ground_mean_TPM,100,matched_random,2,-0.0935856025657813,0.0935856025657813,0.07745781746389656,0.0935856025657813,False
YA,GSE298393:GSM9013399,4,0,training_ground_mean_TPM,100,matched_random,3,0.005169443177692301,0.005169443177692301,-0.00735250596943627,-0.005169443177692301,False
YA,GSE298393:GSM9013399,4,0,training_ground_mean_TPM,100,matched_random,4,-0.1329070804154071,0.1329070804154071,0.11786845489571149,0.1329070804154071,False
YA,GSE298393:GSM9013399,4,0,training_ground_mean_TPM,100,matched_random,5,-0.1214209044699146,0.1214209044699146,0.12628643684603372,0.1214209044699146,False
YA,GSE298393:GSM9013399,4,0,training_ground_mean_TPM,100,matched_random,6,0.07294815803402344,0.07294815803402344,-0.07958689584083112,-0.07294815803402344,False
YA,GSE298393:GSM9013399,4,0,training_ground_mean_TPM,100,matched_random,7,-0.20970424514166552,0.20970424514166552,0.17661162423979757,0.20970424514166552,False
YA,GSE298393:GSM9013399,4,0,training_ground_mean_TPM,100,matched_random,8,-0.17949090753904784,0.17949090753904784,0.16309254495263986,0.17949090753904784,False
YA,GSE298393:GSM9013399,4,0,training_ground_mean_TPM,100,matched_random,9,0.15865821185138884,0.15865821185138884,-0.1439611108737089,-0.15865821185138884,False
YA,GSE298393:GSM9013399,4,0,training_ground_mean_TPM,100,matched_random,10,0.12915625679897857,0.12915625679897857,-0.1311061502509945,-0.12915625679897857,False
YA,GSE298393:GSM9013399,4,0,training_ground_mean_TPM,100,matched_random,11,-0.2254932180665037,0.2254932180665037,0.20898703948935704,0.2254932180665037,False
YA,GSE298393:GSM9013399,4,0,training_ground_mean_TPM,100,matched_random,12,0.01024731747838814,0.01024731747838814,0.006919118354228072,-0.01024731747838814,False
YA,GSE298393:GSM9013399,4,0,training_ground_mean_TPM,100,matched_random,13,-0.03787441251506607,0.03787441251506607,0.032823412229013214,0.03787441251506607,False
YA,GSE298393:GSM9013399,4,0,training_ground_mean_TPM,100,matched_random,14,-0.09699429291936212,0.09699429291936212,0.1006859026624446,0.09699429291936212,False
YA,GSE298393:GSM9013399,4,0,training_ground_mean_TPM,100,matched_random,15,-0.3298740716872999,0.3298740716872999,0.28367294618020744,0.3298740716872999,False
YA,GSE298393:GSM9013399,4,0,training_ground_mean_TPM,100,matched_random,16,0.14781146214568253,0.14781146214568253,-0.15545268475599566,-0.14781146214568253,False
YA,GSE298393:GSM9013399,4,0,training_ground_mean_TPM,100,matched_random,17,-0.009045051759585476,0.009045051759585476,0.0014937257648334088,0.009045051759585476,False
YA,GSE298393:GSM9013399,4,0,training_ground_mean_TPM,100,matched_random,18,0.12089576197058705,0.12089576197058705,-0.11055712366004106,-0.12089576197058705,False
YA,GSE298393:GSM9013399,4,0,training_ground_mean_TPM,100,matched_random,19,-0.16978661141342855,0.16978661141342855,0.15874802472536872,0.16978661141342855,False
YA,GSE298393:GSM9013400,5,0,training_ground_mean_TPM,25,top,-1,0.662226386612474,0.662226386612474,-0.7203994596118163,-0.662226386612474,False
YA,GSE298393:GSM9013400,5,0,training_ground_mean_TPM,25,top,-1,0.6558369388123992,0.6558369388123992,-0.7203994596118163,-0.6558369388123992,True
YA,GSE298393:GSM9013400,5,0,training_ground_mean_TPM,25,matched_random,0,0.033597959783492115,0.033597959783492115,-0.03403925069076741,-0.033597959783492115,False
YA,GSE298393:GSM9013400,5,0,training_ground_mean_TPM,25,matched_random,1,0.10223335237992615,0.10223335237992615,-0.106508369614845,-0.10223335237992615,False
YA,GSE298393:GSM9013400,5,0,training_ground_mean_TPM,25,matched_random,2,0.010369203121854298,0.010369203121854298,-0.005244612270287795,-0.010369203121854298,False
YA,GSE298393:GSM9013400,5,0,training_ground_mean_TPM,25,matched_random,3,0.015900694520496472,0.015900694520496472,-0.013075490804596194,-0.015900694520496472,False
YA,GSE298393:GSM9013400,5,0,training_ground_mean_TPM,25,matched_random,4,0.12033061018723856,0.12033061018723856,-0.11472921660809282,-0.12033061018723856,False
YA,GSE298393:GSM9013400,5,0,training_ground_mean_TPM,25,matched_random,5,0.030736478776589138,0.030736478776589138,-0.03015403821621188,-0.030736478776589138,False
YA,GSE298393:GSM9013400,5,0,training_ground_mean_TPM,25,matched_random,6,0.03107329939621195,0.03107329939621195,-0.029915383256509998,-0.03107329939621195,False
YA,GSE298393:GSM9013400,5,0,training_ground_mean_TPM,25,matched_random,7,0.09740426948224012,0.09740426948224012,-0.09770294864599868,-0.09740426948224012,False
YA,GSE298393:GSM9013400,5,0,training_ground_mean_TPM,25,matched_random,8,-0.07896788964603729,0.07896788964603729,0.07683425038977142,0.07896788964603729,False
YA,GSE298393:GSM9013400,5,0,training_ground_mean_TPM,25,matched_random,9,-0.023185602384955928,0.023185602384955928,0.024526048882228185,0.023185602384955928,False
YA,GSE298393:GSM9013400,5,0,training_ground_mean_TPM,25,matched_random,10,-0.0262451450696517,0.0262451450696517,0.023507386127403856,0.0262451450696517,False
YA,GSE298393:GSM9013400,5,0,training_ground_mean_TPM,25,matched_random,11,0.026715238943324948,0.026715238943324948,-0.02636002570768565,-0.026715238943324948,False
YA,GSE298393:GSM9013400,5,0,training_ground_mean_TPM,25,matched_random,12,-0.08842207856787354,0.08842207856787354,0.08376954307310412,0.08842207856787354,False
YA,GSE298393:GSM9013400,5,0,training_ground_mean_TPM,25,matched_random,13,0.07752043968366706,0.07752043968366706,-0.08323795953391531,-0.07752043968366706,False
YA,GSE298393:GSM9013400,5,0,training_ground_mean_TPM,25,matched_random,14,0.07643197962102022,0.07643197962102022,-0.07402111453176534,-0.07643197962102022,False
YA,GSE298393:GSM9013400,5,0,training_ground_mean_TPM,25,matched_random,15,-0.028458941503913593,0.028458941503913593,0.02857850748964324,0.028458941503913593,False
YA,GSE298393:GSM9013400,5,0,training_ground_mean_TPM,25,matched_random,16,-0.009053476559529372,0.009053476559529372,0.00690191769802782,0.009053476559529372,False
YA,GSE298393:GSM9013400,5,0,training_ground_mean_TPM,25,matched_random,17,0.016218319353129118,0.016218319353129118,-0.01683385930206122,-0.016218319353129118,False
YA,GSE298393:GSM9013400,5,0,training_ground_mean_TPM,25,matched_random,18,0.09028753612665241,0.09028753612665241,-0.08767294532700194,-0.09028753612665241,False
YA,GSE298393:GSM9013400,5,0,training_ground_mean_TPM,25,matched_random,19,0.16426442335409774,0.16426442335409774,-0.16476537870915411,-0.16426442335409774,False
YA,GSE298393:GSM9013400,5,0,training_ground_mean_TPM,100,top,-1,1.4458680141181048,1.4458680141181048,-1.559695499127182,-1.4458680141181048,False
YA,GSE298393:GSM9013400,5,0,training_ground_mean_TPM,100,top,-1,1.460516517769065,1.460516517769065,-1.559695499127182,-1.460516517769065,True
YA,GSE298393:GSM9013400,5,0,training_ground_mean_TPM,100,matched_random,0,0.08395447627754038,0.08395447627754038,-0.08634641034263843,-0.08395447627754038,False
YA,GSE298393:GSM9013400,5,0,training_ground_mean_TPM,100,matched_random,1,-0.12249399891743451,0.12249399891743451,0.11552406258243823,0.12249399891743451,False
YA,GSE298393:GSM9013400,5,0,training_ground_mean_TPM,100,matched_random,2,-0.05514055399726203,0.05514055399726203,0.052530600406176575,0.05514055399726203,False
YA,GSE298393:GSM9013400,5,0,training_ground_mean_TPM,100,matched_random,3,-0.04442963040924042,0.04442963040924042,0.03867988477543966,0.04442963040924042,False
YA,GSE298393:GSM9013400,5,0,training_ground_mean_TPM,100,matched_random,4,-0.027337369968563507,0.027337369968563507,0.02309824470714236,0.027337369968563507,False
YA,GSE298393:GSM9013400,5,0,training_ground_mean_TPM,100,matched_random,5,0.04902839182545904,0.04902839182545904,-0.0487679071635949,-0.04902839182545904,False
YA,GSE298393:GSM9013400,5,0,training_ground_mean_TPM,100,matched_random,6,0.09226063747814806,0.09226063747814806,-0.09554470508653003,-0.09226063747814806,False
YA,GSE298393:GSM9013400,5,0,training_ground_mean_TPM,100,matched_random,7,0.0785915927649512,0.0785915927649512,-0.08606286759294889,-0.0785915927649512,False
YA,GSE298393:GSM9013400,5,0,training_ground_mean_TPM,100,matched_random,8,0.10745500497910143,0.10745500497910143,-0.11354376820652497,-0.10745500497910143,False
YA,GSE298393:GSM9013400,5,0,training_ground_mean_TPM,100,matched_random,9,-0.029891781205833468,0.029891781205833468,0.023652687206488103,0.029891781205833468,False
YA,GSE298393:GSM9013400,5,0,training_ground_mean_TPM,100,matched_random,10,-0.11481817166713881,0.11481817166713881,0.11328651073334374,0.11481817166713881,False
YA,GSE298393:GSM9013400,5,0,training_ground_mean_TPM,100,matched_random,11,-0.014501648975283388,0.014501648975283388,0.015486942588463858,0.014501648975283388,False
YA,GSE298393:GSM9013400,5,0,training_ground_mean_TPM,100,matched_random,12,-0.042511105224321,0.042511105224321,0.041664662393344404,0.042511105224321,False
YA,GSE298393:GSM9013400,5,0,training_ground_mean_TPM,100,matched_random,13,0.007276645884076061,0.007276645884076061,-0.011707306828622203,-0.007276645884076061,False
YA,GSE298393:GSM9013400,5,0,training_ground_mean_TPM,100,matched_random,14,-0.04805822190451181,0.04805822190451181,0.040283423654669394,0.04805822190451181,False
YA,GSE298393:GSM9013400,5,0,training_ground_mean_TPM,100,matched_random,15,-0.007951998428325169,0.007951998428325169,0.00573315230738194,0.007951998428325169,False
YA,GSE298393:GSM9013400,5,0,training_ground_mean_TPM,100,matched_random,16,0.04366662670008736,0.04366662670008736,-0.054221639589954254,-0.04366662670008736,False
YA,GSE298393:GSM9013400,5,0,training_ground_mean_TPM,100,matched_random,17,-0.07230220968858703,0.07230220968858703,0.0719135846035866,0.07230220968858703,False
YA,GSE298393:GSM9013400,5,0,training_ground_mean_TPM,100,matched_random,18,0.1441329814126675,0.1441329814126675,-0.1437912338030956,-0.1441329814126675,False
YA,GSE298393:GSM9013400,5,0,training_ground_mean_TPM,100,matched_random,19,-0.10132691312651332,0.10132691312651332,0.09258620194957017,0.10132691312651332,False
YA,GSE298393:GSM9013410,9,1,training_ground_mean_TPM,25,top,-1,3.8920368648712156,3.8920368648712156,3.877040288725277,3.8920368648712156,False
YA,GSE298393:GSM9013410,9,1,training_ground_mean_TPM,25,top,-1,3.9991704316328196,3.9991704316328196,3.877040288725277,3.9991704316328196,True
YA,GSE298393:GSM9013410,9,1,training_ground_mean_TPM,25,matched_random,0,0.039028398500477124,0.039028398500477124,0.03690582058952273,0.039028398500477124,False
YA,GSE298393:GSM9013410,9,1,training_ground_mean_TPM,25,matched_random,1,-0.009306198882541139,0.009306198882541139,-0.0011909880646373714,-0.009306198882541139,False
YA,GSE298393:GSM9013410,9,1,training_ground_mean_TPM,25,matched_random,2,0.02768040068508526,0.02768040068508526,0.02788130993105738,0.02768040068508526,False
YA,GSE298393:GSM9013410,9,1,training_ground_mean_TPM,25,matched_random,3,0.05303252777389389,0.05303252777389389,0.050766742444741705,0.05303252777389389,False
YA,GSE298393:GSM9013410,9,1,training_ground_mean_TPM,25,matched_random,4,-0.02259139114607933,0.02259139114607933,-0.022044108404702188,-0.02259139114607933,False
YA,GSE298393:GSM9013410,9,1,training_ground_mean_TPM,25,matched_random,5,-0.020734653568752037,0.020734653568752037,-0.02509288753361775,-0.020734653568752037,False
YA,GSE298393:GSM9013410,9,1,training_ground_mean_TPM,25,matched_random,6,-0.061769724468831555,0.061769724468831555,-0.06171162605552937,-0.061769724468831555,False
YA,GSE298393:GSM9013410,9,1,training_ground_mean_TPM,25,matched_random,7,0.06039910098024848,0.06039910098024848,0.05976559733967332,0.06039910098024848,False
YA,GSE298393:GSM9013410,9,1,training_ground_mean_TPM,25,matched_random,8,0.12264050102226065,0.12264050102226065,0.12515612841769452,0.12264050102226065,False
YA,GSE298393:GSM9013410,9,1,training_ground_mean_TPM,25,matched_random,9,-0.1987212390458808,0.1987212390458808,-0.19103800773635105,-0.1987212390458808,False
YA,GSE298393:GSM9013410,9,1,training_ground_mean_TPM,25,matched_random,10,-0.24495125870089396,0.24495125870089396,-0.2517132540675552,-0.24495125870089396,False
YA,GSE298393:GSM9013410,9,1,training_ground_mean_TPM,25,matched_random,11,0.15993063255587003,0.15993063255587003,0.16106383229585652,0.15993063255587003,False
YA,GSE298393:GSM9013410,9,1,training_ground_mean_TPM,25,matched_random,12,-0.022200281113100573,0.022200281113100573,-0.01573770363385827,-0.022200281113100573,False
YA,GSE298393:GSM9013410,9,1,training_ground_mean_TPM,25,matched_random,13,0.009964705886886804,0.009964705886886804,0.007419932581789322,0.009964705886886804,False
YA,GSE298393:GSM9013410,9,1,training_ground_mean_TPM,25,matched_random,14,0.02354663620485553,0.02354663620485553,0.027447246239550874,0.02354663620485553,False
YA,GSE298393:GSM9013410,9,1,training_ground_mean_TPM,25,matched_random,15,0.014707429382951887,0.014707429382951887,0.022687763051395693,0.014707429382951887,False
YA,GSE298393:GSM9013410,9,1,training_ground_mean_TPM,25,matched_random,16,0.25685950266733926,0.25685950266733926,0.2519909559370972,0.25685950266733926,False
YA,GSE298393:GSM9013410,9,1,training_ground_mean_TPM,25,matched_random,17,0.09431570163906144,0.09431570163906144,0.10095111566328581,0.09431570163906144,False
YA,GSE298393:GSM9013410,9,1,training_ground_mean_TPM,25,matched_random,18,0.12086658457064914,0.12086658457064914,0.12581130892759723,0.12086658457064914,False
YA,GSE298393:GSM9013410,9,1,training_ground_mean_TPM,25,matched_random,19,-0.06188408077946406,0.06188408077946406,-0.06558613826401602,-0.06188408077946406,False
YA,GSE298393:GSM9013410,9,1,training_ground_mean_TPM,100,top,-1,4.833624290748958,4.833624290748958,4.814108805943746,4.833624290748958,False
YA,GSE298393:GSM9013410,9,1,training_ground_mean_TPM,100,top,-1,4.926808871116691,4.926808871116691,4.814108805943746,4.926808871116691,True
YA,GSE298393:GSM9013410,9,1,training_ground_mean_TPM,100,matched_random,0,0.135956811111555,0.135956811111555,0.12857187721319013,0.135956811111555,False
YA,GSE298393:GSM9013410,9,1,training_ground_mean_TPM,100,matched_random,1,0.18851652488842774,0.18851652488842774,0.17984683592916642,0.18851652488842774,False
YA,GSE298393:GSM9013410,9,1,training_ground_mean_TPM,100,matched_random,2,0.18868001589271444,0.18868001589271444,0.17500926507088743,0.18868001589271444,False
YA,GSE298393:GSM9013410,9,1,training_ground_mean_TPM,100,matched_random,3,-0.10047676633780611,0.10047676633780611,-0.10716859196229898,-0.10047676633780611,False
YA,GSE298393:GSM9013410,9,1,training_ground_mean_TPM,100,matched_random,4,0.04962806898879535,0.04962806898879535,0.031577214428511656,0.04962806898879535,False
YA,GSE298393:GSM9013410,9,1,training_ground_mean_TPM,100,matched_random,5,0.35415936588492514,0.35415936588492514,0.3554581740703382,0.35415936588492514,False
YA,GSE298393:GSM9013410,9,1,training_ground_mean_TPM,100,matched_random,6,0.20278895604246827,0.20278895604246827,0.1992739894695098,0.20278895604246827,False
YA,GSE298393:GSM9013410,9,1,training_ground_mean_TPM,100,matched_random,7,0.12319121086875384,0.12319121086875384,0.12413708715635625,0.12319121086875384,False
YA,GSE298393:GSM9013410,9,1,training_ground_mean_TPM,100,matched_random,8,0.003952728912508974,0.003952728912508974,-0.0021109320885549453,0.003952728912508974,False
YA,GSE298393:GSM9013410,9,1,training_ground_mean_TPM,100,matched_random,9,0.1256467118207638,0.1256467118207638,0.1291898664766784,0.1256467118207638,False
YA,GSE298393:GSM9013410,9,1,training_ground_mean_TPM,100,matched_random,10,0.3596594646307949,0.3596594646307949,0.34714744673097636,0.3596594646307949,False
YA,GSE298393:GSM9013410,9,1,training_ground_mean_TPM,100,matched_random,11,0.20426738026435487,0.20426738026435487,0.20215970017540827,0.20426738026435487,False
YA,GSE298393:GSM9013410,9,1,training_ground_mean_TPM,100,matched_random,12,0.13030075957476583,0.13030075957476583,0.13311900580138455,0.13030075957476583,False
YA,GSE298393:GSM9013410,9,1,training_ground_mean_TPM,100,matched_random,13,0.4078574419204415,0.4078574419204415,0.4167535274698644,0.4078574419204415,False
YA,GSE298393:GSM9013410,9,1,training_ground_mean_TPM,100,matched_random,14,0.26729965233494113,0.26729965233494113,0.26943409588674555,0.26729965233494113,False
YA,GSE298393:GSM9013410,9,1,training_ground_mean_TPM,100,matched_random,15,0.06316209154670105,0.06316209154670105,0.06528419716567876,0.06316209154670105,False
YA,GSE298393:GSM9013410,9,1,training_ground_mean_TPM,100,matched_random,16,0.29236507957398317,0.29236507957398317,0.3044508884768065,0.29236507957398317,False
YA,GSE298393:GSM9013410,9,1,training_ground_mean_TPM,100,matched_random,17,0.2300218063221564,0.2300218063221564,0.2278954026032444,0.2300218063221564,False
YA,GSE298393:GSM9013410,9,1,training_ground_mean_TPM,100,matched_random,18,0.0419192396498147,0.0419192396498147,0.0343718229448711,0.0419192396498147,False
YA,GSE298393:GSM9013410,9,1,training_ground_mean_TPM,100,matched_random,19,0.19572422286341862,0.19572422286341862,0.1927947439992746,0.19572422286341862,False
YA,GSE298393:GSM9013411,10,1,training_ground_mean_TPM,25,top,-1,3.6253047035158943,3.6253047035158943,3.546893978929257,3.6253047035158943,False
YA,GSE298393:GSM9013411,10,1,training_ground_mean_TPM,25,top,-1,3.742186385007244,3.742186385007244,3.546893978929257,3.742186385007244,True
YA,GSE298393:GSM9013411,10,1,training_ground_mean_TPM,25,matched_random,0,0.10148307430563364,0.10148307430563364,0.09744686168029573,0.10148307430563364,False
YA,GSE298393:GSM9013411,10,1,training_ground_mean_TPM,25,matched_random,1,0.033746522586852734,0.033746522586852734,0.0359212160709671,0.033746522586852734,False
YA,GSE298393:GSM9013411,10,1,training_ground_mean_TPM,25,matched_random,2,0.10767874388739074,0.10767874388739074,0.10645644378862232,0.10767874388739074,False
YA,GSE298393:GSM9013411,10,1,training_ground_mean_TPM,25,matched_random,3,0.12151945360210448,0.12151945360210448,0.11968418538804611,0.12151945360210448,False
YA,GSE298393:GSM9013411,10,1,training_ground_mean_TPM,25,matched_random,4,0.14178145198593484,0.14178145198593484,0.14133730434040176,0.14178145198593484,False
YA,GSE298393:GSM9013411,10,1,training_ground_mean_TPM,25,matched_random,5,-0.10804600977371592,0.10804600977371592,-0.10078759812938533,-0.10804600977371592,False
YA,GSE298393:GSM9013411,10,1,training_ground_mean_TPM,25,matched_random,6,0.0017772526632597874,0.0017772526632597874,0.0028903807286166584,0.0017772526632597874,False
YA,GSE298393:GSM9013411,10,1,training_ground_mean_TPM,25,matched_random,7,0.02748551367858454,0.02748551367858454,0.021989996996259024,0.02748551367858454,False
YA,GSE298393:GSM9013411,10,1,training_ground_mean_TPM,25,matched_random,8,0.03328921532147433,0.03328921532147433,0.032724496729071254,0.03328921532147433,False
YA,GSE298393:GSM9013411,10,1,training_ground_mean_TPM,25,matched_random,9,-0.0543928148674695,0.0543928148674695,-0.053052705907997454,-0.0543928148674695,False
YA,GSE298393:GSM9013411,10,1,training_ground_mean_TPM,25,matched_random,10,0.23581799343060084,0.23581799343060084,0.22939247808822938,0.23581799343060084,False
YA,GSE298393:GSM9013411,10,1,training_ground_mean_TPM,25,matched_random,11,0.1994822150120399,0.1994822150120399,0.19324765823113688,0.1994822150120399,False
YA,GSE298393:GSM9013411,10,1,training_ground_mean_TPM,25,matched_random,12,0.17867778684217228,0.17867778684217228,0.17536249067635448,0.17867778684217228,False
YA,GSE298393:GSM9013411,10,1,training_ground_mean_TPM,25,matched_random,13,-0.08203372735056291,0.08203372735056291,-0.08050804388358386,-0.08203372735056291,False
YA,GSE298393:GSM9013411,10,1,training_ground_mean_TPM,25,matched_random,14,-0.007947614632257682,0.007947614632257682,-0.012217046643445894,-0.007947614632257682,False
YA,GSE298393:GSM9013411,10,1,training_ground_mean_TPM,25,matched_random,15,0.08107377568921947,0.08107377568921947,0.0886405487191321,0.08107377568921947,False
YA,GSE298393:GSM9013411,10,1,training_ground_mean_TPM,25,matched_random,16,0.014754563703718304,0.014754563703718304,0.017332793690384624,0.014754563703718304,False
YA,GSE298393:GSM9013411,10,1,training_ground_mean_TPM,25,matched_random,17,0.040944338950566816,0.040944338950566816,0.052581622417242464,0.040944338950566816,False
YA,GSE298393:GSM9013411,10,1,training_ground_mean_TPM,25,matched_random,18,0.1597366572689225,0.1597366572689225,0.1564450050943186,0.1597366572689225,False
YA,GSE298393:GSM9013411,10,1,training_ground_mean_TPM,25,matched_random,19,-0.04608990385759171,0.04608990385759171,-0.04608129510646187,-0.04608990385759171,False
YA,GSE298393:GSM9013411,10,1,training_ground_mean_TPM,100,top,-1,5.801360661179842,5.801360661179842,5.726345649002834,5.801360661179842,False
YA,GSE298393:GSM9013411,10,1,training_ground_mean_TPM,100,top,-1,5.945041438736098,5.945041438736098,5.726345649002834,5.945041438736098,True
YA,GSE298393:GSM9013411,10,1,training_ground_mean_TPM,100,matched_random,0,0.025022074613389123,0.025022074613389123,0.02789095580201711,0.025022074613389123,False
YA,GSE298393:GSM9013411,10,1,training_ground_mean_TPM,100,matched_random,1,0.12139368894054314,0.12139368894054314,0.12435629152248534,0.12139368894054314,False
YA,GSE298393:GSM9013411,10,1,training_ground_mean_TPM,100,matched_random,2,0.07155634116566034,0.07155634116566034,0.07141229499615549,0.07155634116566034,False
YA,GSE298393:GSM9013411,10,1,training_ground_mean_TPM,100,matched_random,3,0.15686503367624027,0.15686503367624027,0.15050875949197914,0.15686503367624027,False
YA,GSE298393:GSM9013411,10,1,training_ground_mean_TPM,100,matched_random,4,0.10613620511571753,0.10613620511571753,0.10466309465268021,0.10613620511571753,False
YA,GSE298393:GSM9013411,10,1,training_ground_mean_TPM,100,matched_random,5,0.12268370907850112,0.12268370907850112,0.12994969853723667,0.12268370907850112,False
YA,GSE298393:GSM9013411,10,1,training_ground_mean_TPM,100,matched_random,6,0.028513061601415757,0.028513061601415757,0.030235750537745427,0.028513061601415757,False
YA,GSE298393:GSM9013411,10,1,training_ground_mean_TPM,100,matched_random,7,0.014185082920448622,0.014185082920448622,0.031557679026710125,0.014185082920448622,False
YA,GSE298393:GSM9013411,10,1,training_ground_mean_TPM,100,matched_random,8,0.1803673866270401,0.1803673866270401,0.17733545854701455,0.1803673866270401,False
YA,GSE298393:GSM9013411,10,1,training_ground_mean_TPM,100,matched_random,9,-0.08070066968821266,0.08070066968821266,-0.07923746719766309,-0.08070066968821266,False
YA,GSE298393:GSM9013411,10,1,training_ground_mean_TPM,100,matched_random,10,-0.05714392719210082,0.05714392719210082,-0.055605605669845,-0.05714392719210082,False
YA,GSE298393:GSM9013411,10,1,training_ground_mean_TPM,100,matched_random,11,0.350981649786263,0.350981649786263,0.34838543088817925,0.350981649786263,False
YA,GSE298393:GSM9013411,10,1,training_ground_mean_TPM,100,matched_random,12,0.14105686474135837,0.14105686474135837,0.13509034524067332,0.14105686474135837,False
YA,GSE298393:GSM9013411,10,1,training_ground_mean_TPM,100,matched_random,13,0.15969510980312407,0.15969510980312407,0.15323184988033794,0.15969510980312407,False
YA,GSE298393:GSM9013411,10,1,training_ground_mean_TPM,100,matched_random,14,-0.04891839270158016,0.04891839270158016,-0.0459509362136728,-0.04891839270158016,False
YA,GSE298393:GSM9013411,10,1,training_ground_mean_TPM,100,matched_random,15,0.027502731733875407,0.027502731733875407,0.029405322226037166,0.027502731733875407,False
YA,GSE298393:GSM9013411,10,1,training_ground_mean_TPM,100,matched_random,16,-0.07085012879247188,0.07085012879247188,-0.06817971730943966,-0.07085012879247188,False
YA,GSE298393:GSM9013411,10,1,training_ground_mean_TPM,100,matched_random,17,0.09038157734721608,0.09038157734721608,0.08801135514057672,0.09038157734721608,False
YA,GSE298393:GSM9013411,10,1,training_ground_mean_TPM,100,matched_random,18,0.03369846898795004,0.03369846898795004,0.03272029032396424,0.03369846898795004,False
YA,GSE298393:GSM9013411,10,1,training_ground_mean_TPM,100,matched_random,19,-0.05429719362587093,0.05429719362587093,-0.04324964999636547,-0.05429719362587093,False
YA,GSE298393:GSM9013412,11,1,training_ground_mean_TPM,25,top,-1,2.650595455198072,2.650595455198072,2.539322405569222,2.650595455198072,False
YA,GSE298393:GSM9013412,11,1,training_ground_mean_TPM,25,top,-1,2.825302128744852,2.825302128744852,2.539322405569222,2.825302128744852,True
YA,GSE298393:GSM9013412,11,1,training_ground_mean_TPM,25,matched_random,0,0.17929152089595846,0.17929152089595846,0.1761612255530246,0.17929152089595846,False
YA,GSE298393:GSM9013412,11,1,training_ground_mean_TPM,25,matched_random,1,-0.04951915372021176,0.04951915372021176,-0.04659660211850321,-0.04951915372021176,False
YA,GSE298393:GSM9013412,11,1,training_ground_mean_TPM,25,matched_random,2,-0.06370698667728902,0.06370698667728902,-0.0673421545625416,-0.06370698667728902,False
YA,GSE298393:GSM9013412,11,1,training_ground_mean_TPM,25,matched_random,3,0.0596286365114338,0.0596286365114338,0.06052197082010176,0.0596286365114338,False
YA,GSE298393:GSM9013412,11,1,training_ground_mean_TPM,25,matched_random,4,0.045842276594612485,0.045842276594612485,0.049620906709159314,0.045842276594612485,False
YA,GSE298393:GSM9013412,11,1,training_ground_mean_TPM,25,matched_random,5,0.05197340024233199,0.05197340024233199,0.048522713914575896,0.05197340024233199,False
YA,GSE298393:GSM9013412,11,1,training_ground_mean_TPM,25,matched_random,6,0.14553493604216783,0.14553493604216783,0.15446930781184584,0.14553493604216783,False
YA,GSE298393:GSM9013412,11,1,training_ground_mean_TPM,25,matched_random,7,-0.11194760707576279,0.11194760707576279,-0.11581492161249367,-0.11194760707576279,False
YA,GSE298393:GSM9013412,11,1,training_ground_mean_TPM,25,matched_random,8,0.03723566752341867,0.03723566752341867,0.03592503173894446,0.03723566752341867,False
YA,GSE298393:GSM9013412,11,1,training_ground_mean_TPM,25,matched_random,9,0.01419763642070393,0.01419763642070393,0.012068675077453326,0.01419763642070393,False
YA,GSE298393:GSM9013412,11,1,training_ground_mean_TPM,25,matched_random,10,0.013204872362621245,0.013204872362621245,0.013324409828420774,0.013204872362621245,False
YA,GSE298393:GSM9013412,11,1,training_ground_mean_TPM,25,matched_random,11,0.14721614314839826,0.14721614314839826,0.15077157271137565,0.14721614314839826,False
YA,GSE298393:GSM9013412,11,1,training_ground_mean_TPM,25,matched_random,12,-0.12080329922764577,0.12080329922764577,-0.12632326383235606,-0.12080329922764577,False
YA,GSE298393:GSM9013412,11,1,training_ground_mean_TPM,25,matched_random,13,-0.0018767545684568177,0.0018767545684568177,-0.02369959019182978,-0.0018767545684568177,False
YA,GSE298393:GSM9013412,11,1,training_ground_mean_TPM,25,matched_random,14,0.059689727988825325,0.059689727988825325,0.06319072714400226,0.059689727988825325,False
YA,GSE298393:GSM9013412,11,1,training_ground_mean_TPM,25,matched_random,15,-0.07847653685098521,0.07847653685098521,-0.08009974960378807,-0.07847653685098521,False
YA,GSE298393:GSM9013412,11,1,training_ground_mean_TPM,25,matched_random,16,0.2277097386031528,0.2277097386031528,0.210545188263132,0.2277097386031528,False
YA,GSE298393:GSM9013412,11,1,training_ground_mean_TPM,25,matched_random,17,-0.11789944124416252,0.11789944124416252,-0.12703737619832817,-0.11789944124416252,False
YA,GSE298393:GSM9013412,11,1,training_ground_mean_TPM,25,matched_random,18,-0.2123002468690629,0.2123002468690629,-0.20299399505831517,-0.2123002468690629,False
YA,GSE298393:GSM9013412,11,1,training_ground_mean_TPM,25,matched_random,19,-0.09473967201915912,0.09473967201915912,-0.11851317374905869,-0.09473967201915912,False
YA,GSE298393:GSM9013412,11,1,training_ground_mean_TPM,100,top,-1,4.677369566067682,4.677369566067682,4.499328961296093,4.677369566067682,False
YA,GSE298393:GSM9013412,11,1,training_ground_mean_TPM,100,top,-1,4.9661864615950435,4.9661864615950435,4.499328961296093,4.9661864615950435,True
YA,GSE298393:GSM9013412,11,1,training_ground_mean_TPM,100,matched_random,0,0.22142680498541267,0.22142680498541267,0.2260591095058323,0.22142680498541267,False
YA,GSE298393:GSM9013412,11,1,training_ground_mean_TPM,100,matched_random,1,0.4916053812685277,0.4916053812685277,0.4653613721923878,0.4916053812685277,False
YA,GSE298393:GSM9013412,11,1,training_ground_mean_TPM,100,matched_random,2,0.22602359648271886,0.22602359648271886,0.21087366091357476,0.22602359648271886,False
YA,GSE298393:GSM9013412,11,1,training_ground_mean_TPM,100,matched_random,3,0.10412788780217852,0.10412788780217852,0.09097740289883009,0.10412788780217852,False
YA,GSE298393:GSM9013412,11,1,training_ground_mean_TPM,100,matched_random,4,-0.053355265271875396,0.053355265271875396,-0.03450658222293137,-0.053355265271875396,False
YA,GSE298393:GSM9013412,11,1,training_ground_mean_TPM,100,matched_random,5,0.05511720782601515,0.05511720782601515,0.05155617745988679,0.05511720782601515,False
YA,GSE298393:GSM9013412,11,1,training_ground_mean_TPM,100,matched_random,6,0.19902885866031284,0.19902885866031284,0.1786998502818786,0.19902885866031284,False
YA,GSE298393:GSM9013412,11,1,training_ground_mean_TPM,100,matched_random,7,0.3832377301669112,0.3832377301669112,0.38547813419018284,0.3832377301669112,False
YA,GSE298393:GSM9013412,11,1,training_ground_mean_TPM,100,matched_random,8,0.22719929026834507,0.22719929026834507,0.20876451839501795,0.22719929026834507,False
YA,GSE298393:GSM9013412,11,1,training_ground_mean_TPM,100,matched_random,9,0.25645817127360715,0.25645817127360715,0.2574672119710808,0.25645817127360715,False
YA,GSE298393:GSM9013412,11,1,training_ground_mean_TPM,100,matched_random,10,0.3031318561279477,0.3031318561279477,0.2901336153119965,0.3031318561279477,False
YA,GSE298393:GSM9013412,11,1,training_ground_mean_TPM,100,matched_random,11,-0.20354827699247835,0.20354827699247835,-0.19732201586699108,-0.20354827699247835,False
YA,GSE298393:GSM9013412,11,1,training_ground_mean_TPM,100,matched_random,12,0.0441686044191556,0.0441686044191556,0.03335707551000764,0.0441686044191556,False
YA,GSE298393:GSM9013412,11,1,training_ground_mean_TPM,100,matched_random,13,0.3700032137335256,0.3700032137335256,0.34922174973392767,0.3700032137335256,False
YA,GSE298393:GSM9013412,11,1,training_ground_mean_TPM,100,matched_random,14,0.15624341279840337,0.15624341279840337,0.1627682711887037,0.15624341279840337,False
YA,GSE298393:GSM9013412,11,1,training_ground_mean_TPM,100,matched_random,15,-0.07968454242814005,0.07968454242814005,-0.06511186022417956,-0.07968454242814005,False
YA,GSE298393:GSM9013412,11,1,training_ground_mean_TPM,100,matched_random,16,-0.03339019533291321,0.03339019533291321,-0.06068229764006599,-0.03339019533291321,False
YA,GSE298393:GSM9013412,11,1,training_ground_mean_TPM,100,matched_random,17,0.1532330329951037,0.1532330329951037,0.1390886540856632,0.1532330329951037,False
YA,GSE298393:GSM9013412,11,1,training_ground_mean_TPM,100,matched_random,18,0.06641219886091676,0.06641219886091676,0.053431831526465315,0.06641219886091676,False
YA,GSE298393:GSM9013412,11,1,training_ground_mean_TPM,100,matched_random,19,0.14821650925750873,0.14821650925750873,0.1437159856386949,0.14821650925750873,False
OS,GSE298393:GSM9013395,0,0,training_ground_mean_TPM,25,top,-1,2.044516903718886,2.044516903718886,1.9646285945682875,2.044516903718886,False
OS,GSE298393:GSM9013395,0,0,training_ground_mean_TPM,25,top,-1,2.2433341617106635,2.2433341617106635,1.9646285945682875,2.2433341617106635,True
OS,GSE298393:GSM9013395,0,0,training_ground_mean_TPM,25,matched_random,0,0.0069854626617598115,0.0069854626617598115,0.007285963768413491,0.0069854626617598115,False
OS,GSE298393:GSM9013395,0,0,training_ground_mean_TPM,25,matched_random,1,0.09925918921112498,0.09925918921112498,0.09302876739282831,0.09925918921112498,False
OS,GSE298393:GSM9013395,0,0,training_ground_mean_TPM,25,matched_random,2,0.04555293421094575,0.04555293421094575,0.051423412252369696,0.04555293421094575,False
OS,GSE298393:GSM9013395,0,0,training_ground_mean_TPM,25,matched_random,3,0.02037881009755438,0.02037881009755438,0.019920141314914354,0.02037881009755438,False
OS,GSE298393:GSM9013395,0,0,training_ground_mean_TPM,25,matched_random,4,0.031985678904675297,0.031985678904675297,0.02704549096315478,0.031985678904675297,False
OS,GSE298393:GSM9013395,0,0,training_ground_mean_TPM,25,matched_random,5,0.031981887837446266,0.031981887837446266,0.03328391912516091,0.031981887837446266,False
OS,GSE298393:GSM9013395,0,0,training_ground_mean_TPM,25,matched_random,6,-0.031935028177940694,0.031935028177940694,-0.030227915448602698,-0.031935028177940694,False
OS,GSE298393:GSM9013395,0,0,training_ground_mean_TPM,25,matched_random,7,-0.03786634915263676,0.03786634915263676,-0.03952688156286652,-0.03786634915263676,False
OS,GSE298393:GSM9013395,0,0,training_ground_mean_TPM,25,matched_random,8,0.07717417095568635,0.07717417095568635,0.08062439531746528,0.07717417095568635,False
OS,GSE298393:GSM9013395,0,0,training_ground_mean_TPM,25,matched_random,9,0.08301805384644467,0.08301805384644467,0.08291700082319171,0.08301805384644467,False
OS,GSE298393:GSM9013395,0,0,training_ground_mean_TPM,25,matched_random,10,0.07910330000208887,0.07910330000208887,0.08423618093979753,0.07910330000208887,False
OS,GSE298393:GSM9013395,0,0,training_ground_mean_TPM,25,matched_random,11,0.06872072348096481,0.06872072348096481,0.06807069530654011,0.06872072348096481,False
OS,GSE298393:GSM9013395,0,0,training_ground_mean_TPM,25,matched_random,12,0.04487309390651717,0.04487309390651717,0.05296318616055635,0.04487309390651717,False
OS,GSE298393:GSM9013395,0,0,training_ground_mean_TPM,25,matched_random,13,0.04744942162619736,0.04744942162619736,0.03591768162090663,0.04744942162619736,False
OS,GSE298393:GSM9013395,0,0,training_ground_mean_TPM,25,matched_random,14,-0.08934379791503488,0.08934379791503488,-0.09297869998093321,-0.08934379791503488,False
OS,GSE298393:GSM9013395,0,0,training_ground_mean_TPM,25,matched_random,15,-0.08631860099649202,0.08631860099649202,-0.07764013151454154,-0.08631860099649202,False
OS,GSE298393:GSM9013395,0,0,training_ground_mean_TPM,25,matched_random,16,0.09434668011522263,0.09434668011522263,0.09734672960336256,0.09434668011522263,False
OS,GSE298393:GSM9013395,0,0,training_ground_mean_TPM,25,matched_random,17,0.16980098903809449,0.16980098903809449,0.1755581017643661,0.16980098903809449,False
OS,GSE298393:GSM9013395,0,0,training_ground_mean_TPM,25,matched_random,18,0.027890644009630705,0.027890644009630705,0.03440128729446063,0.027890644009630705,False
OS,GSE298393:GSM9013395,0,0,training_ground_mean_TPM,25,matched_random,19,-0.020675487907965362,0.020675487907965362,-0.023590518215962083,-0.020675487907965362,False
OS,GSE298393:GSM9013395,0,0,training_ground_mean_TPM,100,top,-1,1.847792856446631,1.847792856446631,1.669095347362617,1.847792856446631,False
OS,GSE298393:GSM9013395,0,0,training_ground_mean_TPM,100,top,-1,1.628225637944979,1.628225637944979,1.669095347362617,1.628225637944979,True
OS,GSE298393:GSM9013395,0,0,training_ground_mean_TPM,100,matched_random,0,0.014320237613446807,0.014320237613446807,0.008026552758709823,0.014320237613446807,False
OS,GSE298393:GSM9013395,0,0,training_ground_mean_TPM,100,matched_random,1,0.07649401163848779,0.07649401163848779,0.08843540189119051,0.07649401163848779,False
OS,GSE298393:GSM9013395,0,0,training_ground_mean_TPM,100,matched_random,2,0.15052981550184086,0.15052981550184086,0.1576007197591151,0.15052981550184086,False
OS,GSE298393:GSM9013395,0,0,training_ground_mean_TPM,100,matched_random,3,0.10904039477486549,0.10904039477486549,0.10478740720593324,0.10904039477486549,False
OS,GSE298393:GSM9013395,0,0,training_ground_mean_TPM,100,matched_random,4,0.2179945234806837,0.2179945234806837,0.22535008676735852,0.2179945234806837,False
OS,GSE298393:GSM9013395,0,0,training_ground_mean_TPM,100,matched_random,5,-0.023608693509004297,0.023608693509004297,-0.02601780396779631,-0.023608693509004297,False
OS,GSE298393:GSM9013395,0,0,training_ground_mean_TPM,100,matched_random,6,0.05299346032961694,0.05299346032961694,0.04420155893704602,0.05299346032961694,False
OS,GSE298393:GSM9013395,0,0,training_ground_mean_TPM,100,matched_random,7,0.28958297944768674,0.28958297944768674,0.3040078784520449,0.28958297944768674,False
OS,GSE298393:GSM9013395,0,0,training_ground_mean_TPM,100,matched_random,8,0.061639779636152525,0.061639779636152525,0.07430786641881461,0.061639779636152525,False
OS,GSE298393:GSM9013395,0,0,training_ground_mean_TPM,100,matched_random,9,-0.011265590268976666,0.011265590268976666,-0.01592973414867625,-0.011265590268976666,False
OS,GSE298393:GSM9013395,0,0,training_ground_mean_TPM,100,matched_random,10,0.13337629524016847,0.13337629524016847,0.1350127002460979,0.13337629524016847,False
OS,GSE298393:GSM9013395,0,0,training_ground_mean_TPM,100,matched_random,11,-0.0811649842864881,0.0811649842864881,-0.08722071491894885,-0.0811649842864881,False
OS,GSE298393:GSM9013395,0,0,training_ground_mean_TPM,100,matched_random,12,0.06851263547309827,0.06851263547309827,0.08612471858249003,0.06851263547309827,False
OS,GSE298393:GSM9013395,0,0,training_ground_mean_TPM,100,matched_random,13,-0.027776033647342047,0.027776033647342047,-0.0345100947528129,-0.027776033647342047,False
OS,GSE298393:GSM9013395,0,0,training_ground_mean_TPM,100,matched_random,14,0.019867794025685726,0.019867794025685726,0.03187616948342328,0.019867794025685726,False
OS,GSE298393:GSM9013395,0,0,training_ground_mean_TPM,100,matched_random,15,0.033368397932918015,0.033368397932918015,0.014204485074880133,0.033368397932918015,False
OS,GSE298393:GSM9013395,0,0,training_ground_mean_TPM,100,matched_random,16,0.0029352703329550422,0.0029352703329550422,-0.019999842557894807,0.0029352703329550422,False
OS,GSE298393:GSM9013395,0,0,training_ground_mean_TPM,100,matched_random,17,0.02992791399788075,0.02992791399788075,0.03228483294169344,0.02992791399788075,False
OS,GSE298393:GSM9013395,0,0,training_ground_mean_TPM,100,matched_random,18,-0.0011991296071300894,0.0011991296071300894,-0.00621424121360409,-0.0011991296071300894,False
OS,GSE298393:GSM9013395,0,0,training_ground_mean_TPM,100,matched_random,19,0.07313569488837857,0.07313569488837857,0.05598076397336015,0.07313569488837857,False
OS,GSE298393:GSM9013396,1,0,training_ground_mean_TPM,25,top,-1,0.345660774456519,0.345660774456519,0.2341425901553566,0.345660774456519,False
OS,GSE298393:GSM9013396,1,0,training_ground_mean_TPM,25,top,-1,0.23055541590997564,0.23055541590997564,0.2341425901553566,0.23055541590997564,True
OS,GSE298393:GSM9013396,1,0,training_ground_mean_TPM,25,matched_random,0,0.017842381987975386,0.017842381987975386,0.011610593623556154,0.017842381987975386,False
OS,GSE298393:GSM9013396,1,0,training_ground_mean_TPM,25,matched_random,1,0.06564409227257784,0.06564409227257784,0.06625432757193825,0.06564409227257784,False
OS,GSE298393:GSM9013396,1,0,training_ground_mean_TPM,25,matched_random,2,0.04568182358116246,0.04568182358116246,0.04912071512023057,0.04568182358116246,False
OS,GSE298393:GSM9013396,1,0,training_ground_mean_TPM,25,matched_random,3,-0.10265837048564208,0.10265837048564208,-0.10813532088056745,-0.10265837048564208,False
OS,GSE298393:GSM9013396,1,0,training_ground_mean_TPM,25,matched_random,4,0.0648779651564837,0.0648779651564837,0.05941185424367639,0.0648779651564837,False
OS,GSE298393:GSM9013396,1,0,training_ground_mean_TPM,25,matched_random,5,-0.010918184438196477,0.010918184438196477,-0.008246995201281545,-0.010918184438196477,False
OS,GSE298393:GSM9013396,1,0,training_ground_mean_TPM,25,matched_random,6,-0.20450441168168254,0.20450441168168254,-0.20614695058147536,-0.20450441168168254,False
OS,GSE298393:GSM9013396,1,0,training_ground_mean_TPM,25,matched_random,7,0.026602961590015184,0.026602961590015184,0.030191292729021168,0.026602961590015184,False
OS,GSE298393:GSM9013396,1,0,training_ground_mean_TPM,25,matched_random,8,-0.04960606711165383,0.04960606711165383,-0.051851038320356355,-0.04960606711165383,False
OS,GSE298393:GSM9013396,1,0,training_ground_mean_TPM,25,matched_random,9,0.0658329257873902,0.0658329257873902,0.06712081988183088,0.0658329257873902,False
OS,GSE298393:GSM9013396,1,0,training_ground_mean_TPM,25,matched_random,10,0.07940102759721412,0.07940102759721412,0.09602066030737769,0.07940102759721412,False
OS,GSE298393:GSM9013396,1,0,training_ground_mean_TPM,25,matched_random,11,-0.17331909638460274,0.17331909638460274,-0.15867733702416126,-0.17331909638460274,False
OS,GSE298393:GSM9013396,1,0,training_ground_mean_TPM,25,matched_random,12,0.04357332802987912,0.04357332802987912,0.06183381588663322,0.04357332802987912,False
OS,GSE298393:GSM9013396,1,0,training_ground_mean_TPM,25,matched_random,13,-0.04869880465253118,0.04869880465253118,-0.05303750632529014,-0.04869880465253118,False
OS,GSE298393:GSM9013396,1,0,training_ground_mean_TPM,25,matched_random,14,-0.08050679045686593,0.08050679045686593,-0.08055197896660486,-0.08050679045686593,False
OS,GSE298393:GSM9013396,1,0,training_ground_mean_TPM,25,matched_random,15,0.12402452581045509,0.12402452581045509,0.1404075092282778,0.12402452581045509,False
OS,GSE298393:GSM9013396,1,0,training_ground_mean_TPM,25,matched_random,16,0.008577961742275875,0.008577961742275875,0.012376501962854315,0.008577961742275875,False
OS,GSE298393:GSM9013396,1,0,training_ground_mean_TPM,25,matched_random,17,-0.11149631712987684,0.11149631712987684,-0.1195872886520299,-0.11149631712987684,False
OS,GSE298393:GSM9013396,1,0,training_ground_mean_TPM,25,matched_random,18,0.026560928595699806,0.026560928595699806,0.02956954125056986,0.026560928595699806,False
OS,GSE298393:GSM9013396,1,0,training_ground_mean_TPM,25,matched_random,19,-0.013944548557446979,0.013944548557446979,-0.018821398192610597,-0.013944548557446979,False
OS,GSE298393:GSM9013396,1,0,training_ground_mean_TPM,100,top,-1,1.6795309971328152,1.6795309971328152,1.4391702757253526,1.6795309971328152,False
OS,GSE298393:GSM9013396,1,0,training_ground_mean_TPM,100,top,-1,1.4634780776302705,1.4634780776302705,1.4391702757253526,1.4634780776302705,True
OS,GSE298393:GSM9013396,1,0,training_ground_mean_TPM,100,matched_random,0,0.040090614921155066,0.040090614921155066,0.01924278293726652,0.040090614921155066,False
OS,GSE298393:GSM9013396,1,0,training_ground_mean_TPM,100,matched_random,1,0.028044873299450046,0.028044873299450046,0.025166358180708306,0.028044873299450046,False
OS,GSE298393:GSM9013396,1,0,training_ground_mean_TPM,100,matched_random,2,0.18090389740928003,0.18090389740928003,0.16854879797848224,0.18090389740928003,False
OS,GSE298393:GSM9013396,1,0,training_ground_mean_TPM,100,matched_random,3,0.0162336752405281,0.0162336752405281,0.0019751947417719143,0.0162336752405281,False
OS,GSE298393:GSM9013396,1,0,training_ground_mean_TPM,100,matched_random,4,0.08172240128919839,0.08172240128919839,0.07591976253042584,0.08172240128919839,False
OS,GSE298393:GSM9013396,1,0,training_ground_mean_TPM,100,matched_random,5,0.07738818226539479,0.07738818226539479,0.09013611074759982,0.07738818226539479,False
OS,GSE298393:GSM9013396,1,0,training_ground_mean_TPM,100,matched_random,6,0.12315835435970257,0.12315835435970257,0.11191127537570073,0.12315835435970257,False
OS,GSE298393:GSM9013396,1,0,training_ground_mean_TPM,100,matched_random,7,0.00888690619103727,0.00888690619103727,-0.008681446234271736,0.00888690619103727,False
OS,GSE298393:GSM9013396,1,0,training_ground_mean_TPM,100,matched_random,8,-0.025509269406938984,0.025509269406938984,-0.04569272878706092,-0.025509269406938984,False
OS,GSE298393:GSM9013396,1,0,training_ground_mean_TPM,100,matched_random,9,0.039406356475410576,0.039406356475410576,0.041482113152643905,0.039406356475410576,False
OS,GSE298393:GSM9013396,1,0,training_ground_mean_TPM,100,matched_random,10,0.10544344724871735,0.10544344724871735,0.1049463133219235,0.10544344724871735,False
OS,GSE298393:GSM9013396,1,0,training_ground_mean_TPM,100,matched_random,11,0.029532947249663266,0.029532947249663266,0.036872052048075664,0.029532947249663266,False
OS,GSE298393:GSM9013396,1,0,training_ground_mean_TPM,100,matched_random,12,0.04834084363983493,0.04834084363983493,0.04214020111095472,0.04834084363983493,False
OS,GSE298393:GSM9013396,1,0,training_ground_mean_TPM,100,matched_random,13,0.008518382235934041,0.008518382235934041,0.02588189710153696,0.008518382235934041,False
OS,GSE298393:GSM9013396,1,0,training_ground_mean_TPM,100,matched_random,14,-0.024285401865427048,0.024285401865427048,-0.027407006612713808,-0.024285401865427048,False
OS,GSE298393:GSM9013396,1,0,training_ground_mean_TPM,100,matched_random,15,0.19532902418995945,0.19532902418995945,0.18536633227764376,0.19532902418995945,False
OS,GSE298393:GSM9013396,1,0,training_ground_mean_TPM,100,matched_random,16,0.10719092077124515,0.10719092077124515,0.10329733137378942,0.10719092077124515,False
OS,GSE298393:GSM9013396,1,0,training_ground_mean_TPM,100,matched_random,17,0.18652635727812594,0.18652635727812594,0.1868986878456109,0.18652635727812594,False
OS,GSE298393:GSM9013396,1,0,training_ground_mean_TPM,100,matched_random,18,0.21267921072694662,0.21267921072694662,0.2101243114210724,0.21267921072694662,False
OS,GSE298393:GSM9013396,1,0,training_ground_mean_TPM,100,matched_random,19,0.2379746301890009,0.2379746301890009,0.23944518463568043,0.2379746301890009,False
OS,GSE298393:GSM9013397,2,0,training_ground_mean_TPM,25,top,-1,1.0723838064423035,1.0723838064423035,1.044592906779601,1.0723838064423035,False
OS,GSE298393:GSM9013397,2,0,training_ground_mean_TPM,25,top,-1,1.1195935312243819,1.1195935312243819,1.044592906779601,1.1195935312243819,True
OS,GSE298393:GSM9013397,2,0,training_ground_mean_TPM,25,matched_random,0,0.06932501474534547,0.06932501474534547,0.07014496936719847,0.06932501474534547,False
OS,GSE298393:GSM9013397,2,0,training_ground_mean_TPM,25,matched_random,1,0.07761626102364971,0.07761626102364971,0.08416003014501702,0.07761626102364971,False
OS,GSE298393:GSM9013397,2,0,training_ground_mean_TPM,25,matched_random,2,-0.0129127596253511,0.0129127596253511,-0.017226088024165708,-0.0129127596253511,False
OS,GSE298393:GSM9013397,2,0,training_ground_mean_TPM,25,matched_random,3,-0.023387471970409024,0.023387471970409024,-0.0239714513222782,-0.023387471970409024,False
OS,GSE298393:GSM9013397,2,0,training_ground_mean_TPM,25,matched_random,4,-0.10280024659459741,0.10280024659459741,-0.11095114076345251,-0.10280024659459741,False
OS,GSE298393:GSM9013397,2,0,training_ground_mean_TPM,25,matched_random,5,-0.01296248439757619,0.01296248439757619,-0.017123665672929073,-0.01296248439757619,False
OS,GSE298393:GSM9013397,2,0,training_ground_mean_TPM,25,matched_random,6,0.1070626049013299,0.1070626049013299,0.1169075292494963,0.1070626049013299,False
OS,GSE298393:GSM9013397,2,0,training_ground_mean_TPM,25,matched_random,7,-0.0408158252719204,0.0408158252719204,-0.04255795912860067,-0.0408158252719204,False
OS,GSE298393:GSM9013397,2,0,training_ground_mean_TPM,25,matched_random,8,-0.021980419679493934,0.021980419679493934,-0.024631638375483576,-0.021980419679493934,False
OS,GSE298393:GSM9013397,2,0,training_ground_mean_TPM,25,matched_random,9,0.11309961800452584,0.11309961800452584,0.11276928006978862,0.11309961800452584,False
OS,GSE298393:GSM9013397,2,0,training_ground_mean_TPM,25,matched_random,10,0.10686986481277927,0.10686986481277927,0.10853620567352885,0.10686986481277927,False
OS,GSE298393:GSM9013397,2,0,training_ground_mean_TPM,25,matched_random,11,0.09706768499768259,0.09706768499768259,0.09982116098578017,0.09706768499768259,False
OS,GSE298393:GSM9013397,2,0,training_ground_mean_TPM,25,matched_random,12,-0.03065401041885707,0.03065401041885707,-0.03547878881593557,-0.03065401041885707,False
OS,GSE298393:GSM9013397,2,0,training_ground_mean_TPM,25,matched_random,13,0.03525333993206914,0.03525333993206914,0.03474455055682923,0.03525333993206914,False
OS,GSE298393:GSM9013397,2,0,training_ground_mean_TPM,25,matched_random,14,-0.056185919732570255,0.056185919732570255,-0.05694207348929166,-0.056185919732570255,False
OS,GSE298393:GSM9013397,2,0,training_ground_mean_TPM,25,matched_random,15,0.004782882916288145,0.004782882916288145,0.0019131127195088256,0.004782882916288145,False
OS,GSE298393:GSM9013397,2,0,training_ground_mean_TPM,25,matched_random,16,0.024661113769298026,0.024661113769298026,0.024039147839037836,0.024661113769298026,False
OS,GSE298393:GSM9013397,2,0,training_ground_mean_TPM,25,matched_random,17,-0.03851897395088599,0.03851897395088599,-0.04294127128347129,-0.03851897395088599,False
OS,GSE298393:GSM9013397,2,0,training_ground_mean_TPM,25,matched_random,18,0.030692265104562466,0.030692265104562466,0.026917619079098214,0.030692265104562466,False
OS,GSE298393:GSM9013397,2,0,training_ground_mean_TPM,25,matched_random,19,0.015578291127667399,0.015578291127667399,0.017854148833556228,0.015578291127667399,False
OS,GSE298393:GSM9013397,2,0,training_ground_mean_TPM,100,top,-1,1.7474993002927022,1.7474993002927022,1.6119162829251152,1.7474993002927022,False
OS,GSE298393:GSM9013397,2,0,training_ground_mean_TPM,100,top,-1,1.7100209413169978,1.7100209413169978,1.6119162829251152,1.7100209413169978,True
OS,GSE298393:GSM9013397,2,0,training_ground_mean_TPM,100,matched_random,0,-0.08300831936594477,0.08300831936594477,-0.07215421523221997,-0.08300831936594477,False
OS,GSE298393:GSM9013397,2,0,training_ground_mean_TPM,100,matched_random,1,0.028195770335742054,0.028195770335742054,0.02981571045056984,0.028195770335742054,False
OS,GSE298393:GSM9013397,2,0,training_ground_mean_TPM,100,matched_random,2,-0.10498539176160193,0.10498539176160193,-0.1029960503910857,-0.10498539176160193,False
OS,GSE298393:GSM9013397,2,0,training_ground_mean_TPM,100,matched_random,3,0.10566196708691677,0.10566196708691677,0.11350796455500267,0.10566196708691677,False
OS,GSE298393:GSM9013397,2,0,training_ground_mean_TPM,100,matched_random,4,0.1676868972099328,0.1676868972099328,0.17579830542444164,0.1676868972099328,False
OS,GSE298393:GSM9013397,2,0,training_ground_mean_TPM,100,matched_random,5,0.11010604551734104,0.11010604551734104,0.11610863697632502,0.11010604551734104,False
OS,GSE298393:GSM9013397,2,0,training_ground_mean_TPM,100,matched_random,6,-0.03288315453733048,0.03288315453733048,-0.036124210351828764,-0.03288315453733048,False
OS,GSE298393:GSM9013397,2,0,training_ground_mean_TPM,100,matched_random,7,-0.004579775872116443,0.004579775872116443,-0.005818821253007326,-0.004579775872116443,False
OS,GSE298393:GSM9013397,2,0,training_ground_mean_TPM,100,matched_random,8,0.06543839349023983,0.06543839349023983,0.06892484285537165,0.06543839349023983,False
OS,GSE298393:GSM9013397,2,0,training_ground_mean_TPM,100,matched_random,9,-0.00029584755429823417,0.00029584755429823417,-0.010068052867635008,-0.00029584755429823417,False
OS,GSE298393:GSM9013397,2,0,training_ground_mean_TPM,100,matched_random,10,0.052780019716465176,0.052780019716465176,0.048137532354282156,0.052780019716465176,False
OS,GSE298393:GSM9013397,2,0,training_ground_mean_TPM,100,matched_random,11,-0.00926446998528263,0.00926446998528263,-0.014915478953973396,-0.00926446998528263,False
OS,GSE298393:GSM9013397,2,0,training_ground_mean_TPM,100,matched_random,12,0.0967250677094853,0.0967250677094853,0.10165329374798947,0.0967250677094853,False
OS,GSE298393:GSM9013397,2,0,training_ground_mean_TPM,100,matched_random,13,0.16824899656216985,0.16824899656216985,0.16835463164430653,0.16824899656216985,False
OS,GSE298393:GSM9013397,2,0,training_ground_mean_TPM,100,matched_random,14,0.1449291631961387,0.1449291631961387,0.1420231348198885,0.1449291631961387,False
OS,GSE298393:GSM9013397,2,0,training_ground_mean_TPM,100,matched_random,15,-0.006426841146549123,0.006426841146549123,-0.007152166631361985,-0.006426841146549123,False
OS,GSE298393:GSM9013397,2,0,training_ground_mean_TPM,100,matched_random,16,-0.07663131990602778,0.07663131990602778,-0.07826281940641226,-0.07663131990602778,False
OS,GSE298393:GSM9013397,2,0,training_ground_mean_TPM,100,matched_random,17,0.04131138208799712,0.04131138208799712,0.03998416004462082,0.04131138208799712,False
OS,GSE298393:GSM9013397,2,0,training_ground_mean_TPM,100,matched_random,18,0.09731465936238237,0.09731465936238237,0.10055616962377609,0.09731465936238237,False
OS,GSE298393:GSM9013397,2,0,training_ground_mean_TPM,100,matched_random,19,0.04915149516295969,0.04915149516295969,0.05563485754102483,0.04915149516295969,False
OS,GSE298393:GSM9013404,6,1,training_ground_mean_TPM,25,top,-1,2.9434572620132258,2.9434572620132258,2.821598064445307,2.9434572620132258,False
OS,GSE298393:GSM9013404,6,1,training_ground_mean_TPM,25,top,-1,2.7813819961374975,2.7813819961374975,2.821598064445307,2.7813819961374975,True
OS,GSE298393:GSM9013404,6,1,training_ground_mean_TPM,25,matched_random,0,0.01275340822758153,0.01275340822758153,0.011728915248964054,0.01275340822758153,False
OS,GSE298393:GSM9013404,6,1,training_ground_mean_TPM,25,matched_random,1,0.139447167998469,0.139447167998469,0.13651969138167588,0.139447167998469,False
OS,GSE298393:GSM9013404,6,1,training_ground_mean_TPM,25,matched_random,2,0.050700865731414524,0.050700865731414524,0.0493147715996189,0.050700865731414524,False
OS,GSE298393:GSM9013404,6,1,training_ground_mean_TPM,25,matched_random,3,-0.023017684129854388,0.023017684129854388,-0.025296082209805316,-0.023017684129854388,False
OS,GSE298393:GSM9013404,6,1,training_ground_mean_TPM,25,matched_random,4,-0.07007272185092006,0.07007272185092006,-0.07205703269068629,-0.07007272185092006,False
OS,GSE298393:GSM9013404,6,1,training_ground_mean_TPM,25,matched_random,5,-0.027418802076454085,0.027418802076454085,-0.03872727662635492,-0.027418802076454085,False
OS,GSE298393:GSM9013404,6,1,training_ground_mean_TPM,25,matched_random,6,0.004960940204682629,0.004960940204682629,0.006359466171783308,0.004960940204682629,False
OS,GSE298393:GSM9013404,6,1,training_ground_mean_TPM,25,matched_random,7,-0.004671931979373767,0.004671931979373767,-0.027749205545505654,-0.004671931979373767,False
OS,GSE298393:GSM9013404,6,1,training_ground_mean_TPM,25,matched_random,8,0.017566843814847743,0.017566843814847743,0.025184419165430242,0.017566843814847743,False
OS,GSE298393:GSM9013404,6,1,training_ground_mean_TPM,25,matched_random,9,0.022306101997628502,0.022306101997628502,0.026708694232392423,0.022306101997628502,False
OS,GSE298393:GSM9013404,6,1,training_ground_mean_TPM,25,matched_random,10,-0.1353919938208037,0.1353919938208037,-0.1513509705127114,-0.1353919938208037,False
OS,GSE298393:GSM9013404,6,1,training_ground_mean_TPM,25,matched_random,11,-0.0728582303438543,0.0728582303438543,-0.08120440462060015,-0.0728582303438543,False
OS,GSE298393:GSM9013404,6,1,training_ground_mean_TPM,25,matched_random,12,0.13000291407843179,0.13000291407843179,0.13237815935914812,0.13000291407843179,False
OS,GSE298393:GSM9013404,6,1,training_ground_mean_TPM,25,matched_random,13,-0.06119426790496618,0.06119426790496618,-0.07250882459947272,-0.06119426790496618,False
OS,GSE298393:GSM9013404,6,1,training_ground_mean_TPM,25,matched_random,14,-0.18465874596540743,0.18465874596540743,-0.1911091891132546,-0.18465874596540743,False
OS,GSE298393:GSM9013404,6,1,training_ground_mean_TPM,25,matched_random,15,0.128140107839954,0.128140107839954,0.14507202622163454,0.128140107839954,False
OS,GSE298393:GSM9013404,6,1,training_ground_mean_TPM,25,matched_random,16,-0.15353683396938322,0.15353683396938322,-0.1550108081627187,-0.15353683396938322,False
OS,GSE298393:GSM9013404,6,1,training_ground_mean_TPM,25,matched_random,17,0.1928786273017522,0.1928786273017522,0.19178214202203134,0.1928786273017522,False
OS,GSE298393:GSM9013404,6,1,training_ground_mean_TPM,25,matched_random,18,0.11384424901825696,0.11384424901825696,0.12751225464073254,0.11384424901825696,False
OS,GSE298393:GSM9013404,6,1,training_ground_mean_TPM,25,matched_random,19,0.08105258479236,0.08105258479236,0.08850019025166264,0.08105258479236,False
OS,GSE298393:GSM9013404,6,1,training_ground_mean_TPM,100,top,-1,5.535285241929387,5.535285241929387,5.4522751504587195,5.535285241929387,False
OS,GSE298393:GSM9013404,6,1,training_ground_mean_TPM,100,top,-1,5.036794055100245,5.036794055100245,5.4522751504587195,5.036794055100245,True
OS,GSE298393:GSM9013404,6,1,training_ground_mean_TPM,100,matched_random,0,0.31135995901240676,0.31135995901240676,0.30961516583044096,0.31135995901240676,False
OS,GSE298393:GSM9013404,6,1,training_ground_mean_TPM,100,matched_random,1,0.11603058308037362,0.11603058308037362,0.10756927505821902,0.11603058308037362,False
OS,GSE298393:GSM9013404,6,1,training_ground_mean_TPM,100,matched_random,2,0.11484107533374299,0.11484107533374299,0.133462991031302,0.11484107533374299,False
OS,GSE298393:GSM9013404,6,1,training_ground_mean_TPM,100,matched_random,3,0.1097963657064156,0.1097963657064156,0.0914701090619631,0.1097963657064156,False
OS,GSE298393:GSM9013404,6,1,training_ground_mean_TPM,100,matched_random,4,-0.10771916655608038,0.10771916655608038,-0.11239117553398802,-0.10771916655608038,False
OS,GSE298393:GSM9013404,6,1,training_ground_mean_TPM,100,matched_random,5,0.12848027756126612,0.12848027756126612,0.13522791738511888,0.12848027756126612,False
OS,GSE298393:GSM9013404,6,1,training_ground_mean_TPM,100,matched_random,6,0.032378936764644095,0.032378936764644095,-0.020273041069402784,0.032378936764644095,False
OS,GSE298393:GSM9013404,6,1,training_ground_mean_TPM,100,matched_random,7,0.27116505451340345,0.27116505451340345,0.2865300281257596,0.27116505451340345,False
OS,GSE298393:GSM9013404,6,1,training_ground_mean_TPM,100,matched_random,8,0.16620296378732746,0.16620296378732746,0.17988072623012802,0.16620296378732746,False
OS,GSE298393:GSM9013404,6,1,training_ground_mean_TPM,100,matched_random,9,0.02781780770988007,0.02781780770988007,0.033890370008294764,0.02781780770988007,False
OS,GSE298393:GSM9013404,6,1,training_ground_mean_TPM,100,matched_random,10,0.1839272869585784,0.1839272869585784,0.17233195594187942,0.1839272869585784,False
OS,GSE298393:GSM9013404,6,1,training_ground_mean_TPM,100,matched_random,11,0.04410397145625211,0.04410397145625211,0.02922901203921799,0.04410397145625211,False
OS,GSE298393:GSM9013404,6,1,training_ground_mean_TPM,100,matched_random,12,0.21457923282264346,0.21457923282264346,0.21902675839659788,0.21457923282264346,False
OS,GSE298393:GSM9013404,6,1,training_ground_mean_TPM,100,matched_random,13,0.06285050378733104,0.06285050378733104,0.06775500044497348,0.06285050378733104,False
OS,GSE298393:GSM9013404,6,1,training_ground_mean_TPM,100,matched_random,14,-0.10268802515179232,0.10268802515179232,-0.13069181472471733,-0.10268802515179232,False
OS,GSE298393:GSM9013404,6,1,training_ground_mean_TPM,100,matched_random,15,-0.044383589253811806,0.044383589253811806,-0.051347017870274674,-0.044383589253811806,False
OS,GSE298393:GSM9013404,6,1,training_ground_mean_TPM,100,matched_random,16,0.10573661591547534,0.10573661591547534,0.09313497844586835,0.10573661591547534,False
OS,GSE298393:GSM9013404,6,1,training_ground_mean_TPM,100,matched_random,17,0.14452494615738942,0.14452494615738942,0.1326297849855115,0.14452494615738942,False
OS,GSE298393:GSM9013404,6,1,training_ground_mean_TPM,100,matched_random,18,0.005072877350812632,0.005072877350812632,-0.013269211045742269,0.005072877350812632,False
OS,GSE298393:GSM9013404,6,1,training_ground_mean_TPM,100,matched_random,19,-0.1191928305829606,0.1191928305829606,-0.13819398132916993,-0.1191928305829606,False
OS,GSE298393:GSM9013405,7,1,training_ground_mean_TPM,25,top,-1,2.24252643551813,2.24252643551813,2.1535558382713216,2.24252643551813,False
OS,GSE298393:GSM9013405,7,1,training_ground_mean_TPM,25,top,-1,2.104421611267071,2.104421611267071,2.1535558382713216,2.104421611267071,True
OS,GSE298393:GSM9013405,7,1,training_ground_mean_TPM,25,matched_random,0,-0.053513868742584236,0.053513868742584236,-0.056255358871915524,-0.053513868742584236,False
OS,GSE298393:GSM9013405,7,1,training_ground_mean_TPM,25,matched_random,1,-0.05787833676004084,0.05787833676004084,-0.07228842181331936,-0.05787833676004084,False
OS,GSE298393:GSM9013405,7,1,training_ground_mean_TPM,25,matched_random,2,-0.10560508433468385,0.10560508433468385,-0.10633082245991696,-0.10560508433468385,False
OS,GSE298393:GSM9013405,7,1,training_ground_mean_TPM,25,matched_random,3,0.08834923068229728,0.08834923068229728,0.09556650836856567,0.08834923068229728,False
OS,GSE298393:GSM9013405,7,1,training_ground_mean_TPM,25,matched_random,4,0.030054622802026643,0.030054622802026643,0.041550754256725414,0.030054622802026643,False
OS,GSE298393:GSM9013405,7,1,training_ground_mean_TPM,25,matched_random,5,0.1146390093761056,0.1146390093761056,0.11788916068644652,0.1146390093761056,False
OS,GSE298393:GSM9013405,7,1,training_ground_mean_TPM,25,matched_random,6,0.018543201507327467,0.018543201507327467,0.00995875167152515,0.018543201507327467,False
OS,GSE298393:GSM9013405,7,1,training_ground_mean_TPM,25,matched_random,7,-0.03412148109669033,0.03412148109669033,-0.03248311667057396,-0.03412148109669033,False
OS,GSE298393:GSM9013405,7,1,training_ground_mean_TPM,25,matched_random,8,0.13132972554217304,0.13132972554217304,0.14311316123138607,0.13132972554217304,False
OS,GSE298393:GSM9013405,7,1,training_ground_mean_TPM,25,matched_random,9,0.12432251805125816,0.12432251805125816,0.1470416954820328,0.12432251805125816,False
OS,GSE298393:GSM9013405,7,1,training_ground_mean_TPM,25,matched_random,10,0.018739279255441943,0.018739279255441943,0.018613997596210616,0.018739279255441943,False
OS,GSE298393:GSM9013405,7,1,training_ground_mean_TPM,25,matched_random,11,0.117980844571548,0.117980844571548,0.11061615455188586,0.117980844571548,False
OS,GSE298393:GSM9013405,7,1,training_ground_mean_TPM,25,matched_random,12,-0.017998428958208024,0.017998428958208024,-0.019534144094965067,-0.017998428958208024,False
OS,GSE298393:GSM9013405,7,1,training_ground_mean_TPM,25,matched_random,13,0.12704124969900477,0.12704124969900477,0.13048847497392885,0.12704124969900477,False
OS,GSE298393:GSM9013405,7,1,training_ground_mean_TPM,25,matched_random,14,0.14840792955715187,0.14840792955715187,0.15379248197643297,0.14840792955715187,False
OS,GSE298393:GSM9013405,7,1,training_ground_mean_TPM,25,matched_random,15,0.07442654940405191,0.07442654940405191,0.08373517805773269,0.07442654940405191,False
OS,GSE298393:GSM9013405,7,1,training_ground_mean_TPM,25,matched_random,16,0.058872031403780056,0.058872031403780056,0.06059655351730676,0.058872031403780056,False
OS,GSE298393:GSM9013405,7,1,training_ground_mean_TPM,25,matched_random,17,0.15722364405360167,0.15722364405360167,0.15458826058791608,0.15722364405360167,False
OS,GSE298393:GSM9013405,7,1,training_ground_mean_TPM,25,matched_random,18,0.026771163215244087,0.026771163215244087,0.030777533832052645,0.026771163215244087,False
OS,GSE298393:GSM9013405,7,1,training_ground_mean_TPM,25,matched_random,19,0.08290193545940383,0.08290193545940383,0.09150092617650277,0.08290193545940383,False
OS,GSE298393:GSM9013405,7,1,training_ground_mean_TPM,100,top,-1,5.470832197041773,5.470832197041773,5.382003340841999,5.470832197041773,False
OS,GSE298393:GSM9013405,7,1,training_ground_mean_TPM,100,top,-1,5.242250889535853,5.242250889535853,5.382003340841999,5.242250889535853,True
OS,GSE298393:GSM9013405,7,1,training_ground_mean_TPM,100,matched_random,0,0.04460716515677632,0.04460716515677632,0.060813222510268786,0.04460716515677632,False
OS,GSE298393:GSM9013405,7,1,training_ground_mean_TPM,100,matched_random,1,0.0743054599995503,0.0743054599995503,0.07339885180073145,0.0743054599995503,False
OS,GSE298393:GSM9013405,7,1,training_ground_mean_TPM,100,matched_random,2,0.3090035296602309,0.3090035296602309,0.3116700679396676,0.3090035296602309,False
OS,GSE298393:GSM9013405,7,1,training_ground_mean_TPM,100,matched_random,3,-0.027855465278435076,0.027855465278435076,-0.02735289405623213,-0.027855465278435076,False
OS,GSE298393:GSM9013405,7,1,training_ground_mean_TPM,100,matched_random,4,0.06386964569264819,0.06386964569264819,0.0621292934557238,0.06386964569264819,False
OS,GSE298393:GSM9013405,7,1,training_ground_mean_TPM,100,matched_random,5,0.2558554760410061,0.2558554760410061,0.2552581570399991,0.2558554760410061,False
OS,GSE298393:GSM9013405,7,1,training_ground_mean_TPM,100,matched_random,6,0.12116419434664749,0.12116419434664749,0.11321508066659419,0.12116419434664749,False
OS,GSE298393:GSM9013405,7,1,training_ground_mean_TPM,100,matched_random,7,0.05328022892081208,0.05328022892081208,0.05975371252295584,0.05328022892081208,False
OS,GSE298393:GSM9013405,7,1,training_ground_mean_TPM,100,matched_random,8,0.13396111212682627,0.13396111212682627,0.11858326347901567,0.13396111212682627,False
OS,GSE298393:GSM9013405,7,1,training_ground_mean_TPM,100,matched_random,9,0.1748261736445329,0.1748261736445329,0.19467540220410434,0.1748261736445329,False
OS,GSE298393:GSM9013405,7,1,training_ground_mean_TPM,100,matched_random,10,0.138726634987961,0.138726634987961,0.16212410541976977,0.138726634987961,False
OS,GSE298393:GSM9013405,7,1,training_ground_mean_TPM,100,matched_random,11,0.17702039352025167,0.17702039352025167,0.20360253171498013,0.17702039352025167,False
OS,GSE298393:GSM9013405,7,1,training_ground_mean_TPM,100,matched_random,12,-0.05878097785284808,0.05878097785284808,-0.07007784644258047,-0.05878097785284808,False
OS,GSE298393:GSM9013405,7,1,training_ground_mean_TPM,100,matched_random,13,0.17807821279075142,0.17807821279075142,0.1859609751727473,0.17807821279075142,False
OS,GSE298393:GSM9013405,7,1,training_ground_mean_TPM,100,matched_random,14,0.009207156914271764,0.009207156914271764,-0.027632550521280157,0.009207156914271764,False
OS,GSE298393:GSM9013405,7,1,training_ground_mean_TPM,100,matched_random,15,0.21855214757192698,0.21855214757192698,0.2237822363737253,0.21855214757192698,False
OS,GSE298393:GSM9013405,7,1,training_ground_mean_TPM,100,matched_random,16,-0.12410495419794643,0.12410495419794643,-0.13167745289937882,-0.12410495419794643,False
OS,GSE298393:GSM9013405,7,1,training_ground_mean_TPM,100,matched_random,17,0.07944765014167388,0.07944765014167388,0.0777135480189764,0.07944765014167388,False
OS,GSE298393:GSM9013405,7,1,training_ground_mean_TPM,100,matched_random,18,-0.023813313366417788,0.023813313366417788,-0.03576903276926145,-0.023813313366417788,False
OS,GSE298393:GSM9013405,7,1,training_ground_mean_TPM,100,matched_random,19,0.14355180770348852,0.14355180770348852,0.12720894950049808,0.14355180770348852,False
OS,GSE298393:GSM9013406,8,1,training_ground_mean_TPM,25,top,-1,1.8311521090583938,1.8311521090583938,1.8555387852410838,1.8311521090583938,False
OS,GSE298393:GSM9013406,8,1,training_ground_mean_TPM,25,top,-1,1.7028109190002851,1.7028109190002851,1.8555387852410838,1.7028109190002851,True
OS,GSE298393:GSM9013406,8,1,training_ground_mean_TPM,25,matched_random,0,0.15736654786178406,0.15736654786178406,0.16936004155411186,0.15736654786178406,False
OS,GSE298393:GSM9013406,8,1,training_ground_mean_TPM,25,matched_random,1,0.042899931020428994,0.042899931020428994,0.042886230373910546,0.042899931020428994,False
OS,GSE298393:GSM9013406,8,1,training_ground_mean_TPM,25,matched_random,2,-0.007952635718083911,0.007952635718083911,-0.025656374568454772,-0.007952635718083911,False
OS,GSE298393:GSM9013406,8,1,training_ground_mean_TPM,25,matched_random,3,-0.03215787623207689,0.03215787623207689,-0.048022338277911976,-0.03215787623207689,False
OS,GSE298393:GSM9013406,8,1,training_ground_mean_TPM,25,matched_random,4,-0.17373796695073906,0.17373796695073906,-0.1969333710937196,-0.17373796695073906,False
OS,GSE298393:GSM9013406,8,1,training_ground_mean_TPM,25,matched_random,5,0.18010537553618633,0.18010537553618633,0.20058833294842182,0.18010537553618633,False
OS,GSE298393:GSM9013406,8,1,training_ground_mean_TPM,25,matched_random,6,0.048357437735603526,0.048357437735603526,0.047814356535652976,0.048357437735603526,False
OS,GSE298393:GSM9013406,8,1,training_ground_mean_TPM,25,matched_random,7,-0.02271484695484105,0.02271484695484105,-0.019867009265863413,-0.02271484695484105,False
OS,GSE298393:GSM9013406,8,1,training_ground_mean_TPM,25,matched_random,8,-0.20741597111737065,0.20741597111737065,-0.19447494934151072,-0.20741597111737065,False
OS,GSE298393:GSM9013406,8,1,training_ground_mean_TPM,25,matched_random,9,-0.09314884952777902,0.09314884952777902,-0.09969640246920104,-0.09314884952777902,False
OS,GSE298393:GSM9013406,8,1,training_ground_mean_TPM,25,matched_random,10,0.004069531081086097,0.004069531081086097,0.011610601223862226,0.004069531081086097,False
OS,GSE298393:GSM9013406,8,1,training_ground_mean_TPM,25,matched_random,11,-0.043263925672818004,0.043263925672818004,-0.04919700577856319,-0.043263925672818004,False
OS,GSE298393:GSM9013406,8,1,training_ground_mean_TPM,25,matched_random,12,-0.06024042062517765,0.06024042062517765,-0.054239490187393324,-0.06024042062517765,False
OS,GSE298393:GSM9013406,8,1,training_ground_mean_TPM,25,matched_random,13,0.06486665425290994,0.06486665425290994,0.04971881629072373,0.06486665425290994,False
OS,GSE298393:GSM9013406,8,1,training_ground_mean_TPM,25,matched_random,14,-0.0283099638618296,0.0283099638618296,-0.030711110213472153,-0.0283099638618296,False
OS,GSE298393:GSM9013406,8,1,training_ground_mean_TPM,25,matched_random,15,0.29109726350134224,0.29109726350134224,0.29227796919041604,0.29109726350134224,False
OS,GSE298393:GSM9013406,8,1,training_ground_mean_TPM,25,matched_random,16,0.029421861702530805,0.029421861702530805,0.029142484954893785,0.029421861702530805,False
OS,GSE298393:GSM9013406,8,1,training_ground_mean_TPM,25,matched_random,17,-0.1371748753213069,0.1371748753213069,-0.15459842940029786,-0.1371748753213069,False
OS,GSE298393:GSM9013406,8,1,training_ground_mean_TPM,25,matched_random,18,0.06681511048282118,0.06681511048282118,0.06324419765895142,0.06681511048282118,False
OS,GSE298393:GSM9013406,8,1,training_ground_mean_TPM,25,matched_random,19,-0.0010832852653948066,0.0010832852653948066,-0.0003672961157022512,-0.0010832852653948066,False
OS,GSE298393:GSM9013406,8,1,training_ground_mean_TPM,100,top,-1,5.446750664095589,5.446750664095589,5.399401523157389,5.446750664095589,False
OS,GSE298393:GSM9013406,8,1,training_ground_mean_TPM,100,top,-1,4.938453654227487,4.938453654227487,5.399401523157389,4.938453654227487,True
OS,GSE298393:GSM9013406,8,1,training_ground_mean_TPM,100,matched_random,0,0.093510335501378,0.093510335501378,0.09396624549235684,0.093510335501378,False
OS,GSE298393:GSM9013406,8,1,training_ground_mean_TPM,100,matched_random,1,0.5342713364539122,0.5342713364539122,0.5275051841396443,0.5342713364539122,False
OS,GSE298393:GSM9013406,8,1,training_ground_mean_TPM,100,matched_random,2,0.22209399754456172,0.22209399754456172,0.2071335519701939,0.22209399754456172,False
OS,GSE298393:GSM9013406,8,1,training_ground_mean_TPM,100,matched_random,3,-0.1815915536258217,0.1815915536258217,-0.1950853534006727,-0.1815915536258217,False
OS,GSE298393:GSM9013406,8,1,training_ground_mean_TPM,100,matched_random,4,-0.0744722438835197,0.0744722438835197,-0.10193549162754811,-0.0744722438835197,False
OS,GSE298393:GSM9013406,8,1,training_ground_mean_TPM,100,matched_random,5,0.11914897640781419,0.11914897640781419,0.13096129489406258,0.11914897640781419,False
OS,GSE298393:GSM9013406,8,1,training_ground_mean_TPM,100,matched_random,6,0.13324116088824667,0.13324116088824667,0.14512728956292031,0.13324116088824667,False
OS,GSE298393:GSM9013406,8,1,training_ground_mean_TPM,100,matched_random,7,0.14853782244563263,0.14853782244563263,0.12982085457587775,0.14853782244563263,False
OS,GSE298393:GSM9013406,8,1,training_ground_mean_TPM,100,matched_random,8,0.21360142558933148,0.21360142558933148,0.23068422891744536,0.21360142558933148,False
OS,GSE298393:GSM9013406,8,1,training_ground_mean_TPM,100,matched_random,9,-0.054375363190956705,0.054375363190956705,-0.08700901194297969,-0.054375363190956705,False
OS,GSE298393:GSM9013406,8,1,training_ground_mean_TPM,100,matched_random,10,0.1416155499323395,0.1416155499323395,0.15457677695381225,0.1416155499323395,False
OS,GSE298393:GSM9013406,8,1,training_ground_mean_TPM,100,matched_random,11,0.17506759347224943,0.17506759347224943,0.16963495209776694,0.17506759347224943,False
OS,GSE298393:GSM9013406,8,1,training_ground_mean_TPM,100,matched_random,12,0.28340314826937174,0.28340314826937174,0.2610237682436591,0.28340314826937174,False
OS,GSE298393:GSM9013406,8,1,training_ground_mean_TPM,100,matched_random,13,-0.08805982738044804,0.08805982738044804,-0.07358816675433166,-0.08805982738044804,False
OS,GSE298393:GSM9013406,8,1,training_ground_mean_TPM,100,matched_random,14,-0.036327160825976534,0.036327160825976534,-0.04267880360327632,-0.036327160825976534,False
OS,GSE298393:GSM9013406,8,1,training_ground_mean_TPM,100,matched_random,15,0.03507692628204495,0.03507692628204495,0.05594343063983031,0.03507692628204495,False
OS,GSE298393:GSM9013406,8,1,training_ground_mean_TPM,100,matched_random,16,0.1576613490251475,0.1576613490251475,0.07751372539751474,0.1576613490251475,False
OS,GSE298393:GSM9013406,8,1,training_ground_mean_TPM,100,matched_random,17,0.1650190599218604,0.1650190599218604,0.13818190369640007,0.1650190599218604,False
OS,GSE298393:GSM9013406,8,1,training_ground_mean_TPM,100,matched_random,18,0.03550838492424191,0.03550838492424191,0.035526338005765656,0.03550838492424191,False
OS,GSE298393:GSM9013406,8,1,training_ground_mean_TPM,100,matched_random,19,-0.08300682583740127,0.08300682583740127,-0.12001511598117102,-0.08300682583740127,False
