model,training_pool,id,sample_index,label,reference,program,positive_allocated_logit,opposing_allocated_logit,supporting_share_percent,opposing_share_percent
bridge,YA,GSE298393:GSM9013398,3,0,training_ground_mean_TPM,mitochondrial_expression,0.39380508019011357,0.4880985697092395,0.8779582346945527,1.0378321508154533
bridge,YA,GSE298393:GSM9013398,3,0,training_ground_mean_TPM,dna_repair,0.32146155036044965,0.6758382144723777,0.7166738812520778,1.437018404186211
bridge,YA,GSE298393:GSM9013398,3,0,training_ground_mean_TPM,oxidative_stress,0.1422703234784516,0.1491342470301096,0.31718077885197404,0.3171005324758524
bridge,YA,GSE298393:GSM9013398,3,0,training_ground_mean_TPM,inflammatory_signaling,1.0970731951549533,0.6418383228238641,2.4458405800249396,1.364725259180502
bridge,YA,GSE298393:GSM9013398,3,0,training_ground_mean_TPM,proteostasis,0.4572293224339027,0.3469178065583344,1.0193577202733441,0.7376429182144357
bridge,YA,GSE298393:GSM9013398,3,0,training_ground_mean_TPM,muscle_remodeling,1.076323180830603,1.2745284214857409,2.399580013916198,2.709998871199176
bridge,YA,GSE298393:GSM9013398,3,0,training_ground_mean_TPM,outside_six_programs,41.366485852229076,43.45423306616436,92.22340879098692,92.39568186392837
bridge,YA,GSE298393:GSM9013398,3,0,training_all_mean_TPM,mitochondrial_expression,0.701460622224062,0.6601160461286109,1.5397657512173242,1.2193753874834685
bridge,YA,GSE298393:GSM9013398,3,0,training_all_mean_TPM,dna_repair,0.41636994372673897,0.7680819477624107,0.9139674543012792,1.4188114774131275
bridge,YA,GSE298393:GSM9013398,3,0,training_all_mean_TPM,oxidative_stress,0.148976190240106,0.16897406748773683,0.3270154135684043,0.31213120818058915
bridge,YA,GSE298393:GSM9013398,3,0,training_all_mean_TPM,inflammatory_signaling,0.8801814345587288,0.6450593225511226,1.9320731411747856,1.1915624017907163
bridge,YA,GSE298393:GSM9013398,3,0,training_all_mean_TPM,proteostasis,0.4366659623819761,0.38582981600905697,0.9585189421842578,0.7127101123475142
bridge,YA,GSE298393:GSM9013398,3,0,training_all_mean_TPM,muscle_remodeling,0.9143088649575283,1.4932934958022204,2.006985754713254,2.758432166206745
bridge,YA,GSE298393:GSM9013398,3,0,training_all_mean_TPM,outside_six_programs,42.05835758908724,50.014234139699425,92.3216735428407,92.38697724657784
bridge,YA,GSE298393:GSM9013399,4,0,training_ground_mean_TPM,mitochondrial_expression,0.3450439552792265,0.4623805496867931,0.7481972232481192,0.9586801167087405
bridge,YA,GSE298393:GSM9013399,4,0,training_ground_mean_TPM,dna_repair,0.31142267046767236,0.6074947670488178,0.6752924482095825,1.2595537475977543
bridge,YA,GSE298393:GSM9013399,4,0,training_ground_mean_TPM,oxidative_stress,0.14459131410301482,0.1476267334931594,0.3135334442538646,0.3060829747064826
bridge,YA,GSE298393:GSM9013399,4,0,training_ground_mean_TPM,inflammatory_signaling,1.1390085604169002,0.7174065764529252,2.4698390715760197,1.4874402067893748
bridge,YA,GSE298393:GSM9013399,4,0,training_ground_mean_TPM,proteostasis,0.45174178891018907,0.31465042536189214,0.9795620149734888,0.6523827758601101
bridge,YA,GSE298393:GSM9013399,4,0,training_ground_mean_TPM,muscle_remodeling,1.0923328504642338,1.254895562953757,2.368626933106709,2.601846953909945
bridge,YA,GSE298393:GSM9013399,4,0,training_ground_mean_TPM,outside_six_programs,42.63257041153249,44.72649767325901,92.44494886463221,92.73401322442757
bridge,YA,GSE298393:GSM9013399,4,0,training_all_mean_TPM,mitochondrial_expression,0.5819382071731435,0.5637526485987673,1.2704385629057704,1.0377663207734305
bridge,YA,GSE298393:GSM9013399,4,0,training_all_mean_TPM,dna_repair,0.37640500971179125,0.6735113532724005,0.8217357680151467,1.2398121779505582
bridge,YA,GSE298393:GSM9013399,4,0,training_all_mean_TPM,oxidative_stress,0.1496051539178184,0.16658785188706476,0.3266053928129524,0.30665800430044565
bridge,YA,GSE298393:GSM9013399,4,0,training_all_mean_TPM,inflammatory_signaling,0.892171031753759,0.6949850958267043,1.9477127802852274,1.279341441110927
bridge,YA,GSE298393:GSM9013399,4,0,training_all_mean_TPM,proteostasis,0.4433200619843196,0.3639090795078233,0.9678190837314872,0.6698905760807548
bridge,YA,GSE298393:GSM9013399,4,0,training_all_mean_TPM,muscle_remodeling,0.8878994524630839,1.4376583897215867,1.9383874275441784,2.6464682007946987
bridge,YA,GSE298393:GSM9013399,4,0,training_all_mean_TPM,outside_six_programs,42.474749166635775,50.42325566861377,92.72730098470522,92.8200632789892
bridge,YA,GSE298393:GSM9013400,5,0,training_ground_mean_TPM,mitochondrial_expression,0.20560498183966533,0.36753412858704126,0.6040729500998099,1.0561185581940091
bridge,YA,GSE298393:GSM9013400,5,0,training_ground_mean_TPM,dna_repair,0.22875395095230427,0.4707011917561006,0.6720852421100585,1.3525717077997161
bridge,YA,GSE298393:GSM9013400,5,0,training_ground_mean_TPM,oxidative_stress,0.09448389177377087,0.1002963083364846,0.27759620768917564,0.288203963424377
bridge,YA,GSE298393:GSM9013400,5,0,training_ground_mean_TPM,inflammatory_signaling,0.7255847189805598,0.4644852767489149,2.1317873614741867,1.3347101197603055
bridge,YA,GSE298393:GSM9013400,5,0,training_ground_mean_TPM,proteostasis,0.33006927645942874,0.23863173760894382,0.9697523852979485,0.685714297150512
bridge,YA,GSE298393:GSM9013400,5,0,training_ground_mean_TPM,muscle_remodeling,0.9960353945842085,0.8164947269740543,2.926378698739464,2.3462181243955733
bridge,YA,GSE298393:GSM9013400,5,0,training_ground_mean_TPM,outside_six_programs,31.45591682781356,32.34231778422992,92.41832715458935,92.93646322927547
bridge,YA,GSE298393:GSM9013400,5,0,training_all_mean_TPM,mitochondrial_expression,0.3979154835030519,0.4266678443283789,1.1555184075922706,1.0255590680672746
bridge,YA,GSE298393:GSM9013400,5,0,training_all_mean_TPM,dna_repair,0.28563282426158476,0.5246762932624176,0.8294575102762943,1.261136824599949
bridge,YA,GSE298393:GSM9013400,5,0,training_all_mean_TPM,oxidative_stress,0.1013237293244587,0.1209571027838143,0.29423694029089165,0.29073822941204314
bridge,YA,GSE298393:GSM9013400,5,0,training_all_mean_TPM,inflammatory_signaling,0.5782826265760614,0.5323968331275573,1.6792918282968023,1.2796942804155669
bridge,YA,GSE298393:GSM9013400,5,0,training_all_mean_TPM,proteostasis,0.3483021612784403,0.31267868913084457,1.0114448304908012,0.7515693279729009
bridge,YA,GSE298393:GSM9013400,5,0,training_all_mean_TPM,muscle_remodeling,0.8242637242765918,1.0319100121321712,2.3936035303960637,2.4803478500645237
bridge,YA,GSE298393:GSM9013400,5,0,training_all_mean_TPM,outside_six_programs,31.900380242300738,38.65415252127255,92.63644695265687,92.91095441946774
bridge,YA,GSE298393:GSM9013410,9,1,training_ground_mean_TPM,mitochondrial_expression,0.5022391962796346,0.5203151809257729,1.110821722904352,1.5412054206292447
bridge,YA,GSE298393:GSM9013410,9,1,training_ground_mean_TPM,dna_repair,0.2658108844271223,0.3891484044015777,0.5879041436695578,1.1526813982744304
bridge,YA,GSE298393:GSM9013410,9,1,training_ground_mean_TPM,oxidative_stress,0.11696750649734575,0.06109265419401176,0.2587015271879849,0.18096018193609278
bridge,YA,GSE298393:GSM9013410,9,1,training_ground_mean_TPM,inflammatory_signaling,0.9700740409130588,0.42407328351818596,2.1455500196998973,1.2561310283881757
bridge,YA,GSE298393:GSM9013410,9,1,training_ground_mean_TPM,proteostasis,0.30293490863059536,0.19227861022791787,0.670012774043927,0.5695410151728787
bridge,YA,GSE298393:GSM9013410,9,1,training_ground_mean_TPM,muscle_remodeling,1.8205321451947551,1.0089075807387125,4.026540877550372,2.9884460214707147
bridge,YA,GSE298393:GSM9013410,9,1,training_ground_mean_TPM,outside_six_programs,41.234744760348946,31.164458806267582,91.20046893494391,92.31103493412847
bridge,YA,GSE298393:GSM9013410,9,1,training_all_mean_TPM,mitochondrial_expression,0.32576821725248123,0.2179505389364192,1.0497638483733192,0.838825584060606
bridge,YA,GSE298393:GSM9013410,9,1,training_all_mean_TPM,dna_repair,0.186690536898437,0.3111860713254273,0.6015963684925487,1.1976608973067289
bridge,YA,GSE298393:GSM9013410,9,1,training_all_mean_TPM,oxidative_stress,0.0877786864744284,0.048676917093819834,0.28286028789338297,0.18734270449959525
bridge,YA,GSE298393:GSM9013410,9,1,training_all_mean_TPM,inflammatory_signaling,0.6643009275864049,0.3272454905490695,2.140660326236164,1.259468735799276
bridge,YA,GSE298393:GSM9013410,9,1,training_all_mean_TPM,proteostasis,0.20744255786962412,0.15161982833557144,0.668468212467903,0.5835387775565739
bridge,YA,GSE298393:GSM9013410,9,1,training_all_mean_TPM,muscle_remodeling,1.183067923930186,0.7611494726278909,3.8123483843405106,2.929433687341184
bridge,YA,GSE298393:GSM9013410,9,1,training_all_mean_TPM,outside_six_programs,28.37747506070239,24.16499136116103,91.44430257219618,93.00372961343605
bridge,YA,GSE298393:GSM9013411,10,1,training_ground_mean_TPM,mitochondrial_expression,0.39437878758435396,0.4769730147871263,0.9249725776575255,1.4614480181962242
bridge,YA,GSE298393:GSM9013411,10,1,training_ground_mean_TPM,dna_repair,0.24313031652758638,0.402069474306345,0.5702357293674423,1.2319431460172938
bridge,YA,GSE298393:GSM9013411,10,1,training_ground_mean_TPM,oxidative_stress,0.12031959607717324,0.054400803428685404,0.2821965339665,0.16668436975332318
bridge,YA,GSE298393:GSM9013411,10,1,training_ground_mean_TPM,inflammatory_signaling,0.9524184770981003,0.43039416718999324,2.2337940109967387,1.318730165403074
bridge,YA,GSE298393:GSM9013411,10,1,training_ground_mean_TPM,proteostasis,0.3424932529878175,0.17162422690923196,0.8032806961725666,0.5258576030824247
bridge,YA,GSE298393:GSM9013411,10,1,training_ground_mean_TPM,muscle_remodeling,1.6889498498523237,0.9528445130657812,3.9612482854901203,2.919520983573088
bridge,YA,GSE298393:GSM9013411,10,1,training_ground_mean_TPM,outside_six_programs,38.895118324848845,30.148709202052878,91.22427216634912,92.37581571397456
bridge,YA,GSE298393:GSM9013411,10,1,training_all_mean_TPM,mitochondrial_expression,0.28617934713560134,0.23657170216932827,0.931197780350218,0.8718027210039763
bridge,YA,GSE298393:GSM9013411,10,1,training_all_mean_TPM,dna_repair,0.21369656695555106,0.3713548492046702,0.695346365170024,1.3684991274354834
bridge,YA,GSE298393:GSM9013411,10,1,training_all_mean_TPM,oxidative_stress,0.10724135738535967,0.05734518994039287,0.3489522041283888,0.21132575100102602
bridge,YA,GSE298393:GSM9013411,10,1,training_all_mean_TPM,inflammatory_signaling,0.6345774390457031,0.3228218885275893,2.0648488740163637,1.1896477822041187
bridge,YA,GSE298393:GSM9013411,10,1,training_all_mean_TPM,proteostasis,0.2658205862226554,0.1517077343220889,0.8649524933909426,0.5590660859542691
bridge,YA,GSE298393:GSM9013411,10,1,training_all_mean_TPM,muscle_remodeling,1.1570974541791479,0.8014457776579339,3.7650745651815383,2.9534496446207754
bridge,YA,GSE298393:GSM9013411,10,1,training_all_mean_TPM,outside_six_programs,28.067778710315395,25.19467437685484,91.32962771776255,92.84620888778035
bridge,YA,GSE298393:GSM9013412,11,1,training_ground_mean_TPM,mitochondrial_expression,0.415581542147474,0.6690334899773754,0.8994815206212017,1.892728958245264
bridge,YA,GSE298393:GSM9013412,11,1,training_ground_mean_TPM,dna_repair,0.244841396716502,0.4313462446444868,0.529932851905696,1.2202999408842374
bridge,YA,GSE298393:GSM9013412,11,1,training_ground_mean_TPM,oxidative_stress,0.13607052547040266,0.07863832476150401,0.2945100076615317,0.22247172485943503
bridge,YA,GSE298393:GSM9013412,11,1,training_ground_mean_TPM,inflammatory_signaling,1.1033773376386151,0.4069710878376265,2.3881414952879827,1.1513414121390264
bridge,YA,GSE298393:GSM9013412,11,1,training_ground_mean_TPM,proteostasis,0.36065187408954946,0.21096660381003052,0.7805921659673639,0.5968349959094029
bridge,YA,GSE298393:GSM9013412,11,1,training_ground_mean_TPM,muscle_remodeling,1.6583132885868004,1.0323729493035285,3.5892406356081157,2.920634327172376
bridge,YA,GSE298393:GSM9013412,11,1,training_ground_mean_TPM,outside_six_programs,42.283507565483916,32.518230550707486,91.5181013229481,91.99568864079026
bridge,YA,GSE298393:GSM9013412,11,1,training_all_mean_TPM,mitochondrial_expression,0.29213081826402654,0.41057143286855924,0.8506509427909554,1.3735815988599045
bridge,YA,GSE298393:GSM9013412,11,1,training_all_mean_TPM,dna_repair,0.22326657560441282,0.40952644534204896,0.6501262830132195,1.3700855552422955
bridge,YA,GSE298393:GSM9013412,11,1,training_all_mean_TPM,oxidative_stress,0.11766730903461645,0.0725981679690537,0.34263350905862605,0.2428798003224861
bridge,YA,GSE298393:GSM9013412,11,1,training_all_mean_TPM,inflammatory_signaling,0.8584732264682752,0.3724886641033907,2.49977412104472,1.2461743166629993
bridge,YA,GSE298393:GSM9013412,11,1,training_all_mean_TPM,proteostasis,0.28325478396573445,0.18816530878143028,0.8248049639621726,0.6295138555553337
bridge,YA,GSE298393:GSM9013412,11,1,training_all_mean_TPM,muscle_remodeling,1.0901864268363486,0.8526246966747415,3.174495992299216,2.852486803339933
bridge,YA,GSE298393:GSM9013412,11,1,training_all_mean_TPM,outside_six_programs,31.47705277547412,27.584599911158833,91.6575141878311,92.28527807001706
bridge,OS,GSE298393:GSM9013395,0,0,training_ground_mean_TPM,mitochondrial_expression,0.2739342194520475,0.20308468148370665,0.7558874134147349,0.6675401702615946
bridge,OS,GSE298393:GSM9013395,0,0,training_ground_mean_TPM,dna_repair,0.387076681674163,0.17375574398459903,1.0680899680554856,0.5711358339585795
bridge,OS,GSE298393:GSM9013395,0,0,training_ground_mean_TPM,oxidative_stress,0.10477145943414624,0.05798785368203474,0.28910381342564206,0.19060630982704385
bridge,OS,GSE298393:GSM9013395,0,0,training_ground_mean_TPM,inflammatory_signaling,0.7136602449005749,0.8107767349825585,1.9692566983923399,2.6650264104622736
bridge,OS,GSE298393:GSM9013395,0,0,training_ground_mean_TPM,proteostasis,0.24023015904503,0.23303463601297128,0.6628852499990244,0.7659857920570344
bridge,OS,GSE298393:GSM9013395,0,0,training_ground_mean_TPM,muscle_remodeling,1.1491109335050615,0.9695537217215188,3.1708287230094725,3.1869270087102612
bridge,OS,GSE298393:GSM9013395,0,0,training_ground_mean_TPM,outside_six_programs,33.37129843466331,27.97464715983007,92.0839481337033,91.9527784747232
bridge,OS,GSE298393:GSM9013395,0,0,training_all_mean_TPM,mitochondrial_expression,0.22174997663347798,0.18397017188035714,0.8593026685576042,0.6786626779682884
bridge,OS,GSE298393:GSM9013395,0,0,training_all_mean_TPM,dna_repair,0.2777171630786849,0.13460374899128025,1.0761809446871116,0.49655082571973846
bridge,OS,GSE298393:GSM9013395,0,0,training_all_mean_TPM,oxidative_stress,0.06841503836243912,0.056496783121162776,0.26511490971421947,0.20841562378132342
bridge,OS,GSE298393:GSM9013395,0,0,training_all_mean_TPM,inflammatory_signaling,0.5416449541782759,0.7474127479863802,2.0989267354262524,2.757192276941246
bridge,OS,GSE298393:GSM9013395,0,0,training_all_mean_TPM,proteostasis,0.15065688247794842,0.1735822034441895,0.5838100328815351,0.6403416479584646
bridge,OS,GSE298393:GSM9013395,0,0,training_all_mean_TPM,muscle_remodeling,0.7974792875069572,1.0345991205798932,3.0903095922612502,3.816617675679607
bridge,OS,GSE298393:GSM9013395,0,0,training_all_mean_TPM,outside_six_programs,23.748142352444972,24.777083720069694,92.02635511647206,91.40221927195134
bridge,OS,GSE298393:GSM9013396,1,0,training_ground_mean_TPM,mitochondrial_expression,0.47019262513847937,0.2900116720378123,1.0612840119333316,0.7524142140083213
bridge,OS,GSE298393:GSM9013396,1,0,training_ground_mean_TPM,dna_repair,0.6466996424604423,0.3388445052836503,1.4596825946900662,0.879107452202114
bridge,OS,GSE298393:GSM9013396,1,0,training_ground_mean_TPM,oxidative_stress,0.14588957067148012,0.10727705696273926,0.32929114703970463,0.27832253070566537
bridge,OS,GSE298393:GSM9013396,1,0,training_ground_mean_TPM,inflammatory_signaling,0.5380758256870851,0.8715673080704693,1.2145049506919547,2.2612180621878166
bridge,OS,GSE298393:GSM9013396,1,0,training_ground_mean_TPM,proteostasis,0.34989797397863537,0.46132348888872377,0.7897638238839338,1.196870277174669
bridge,OS,GSE298393:GSM9013396,1,0,training_ground_mean_TPM,muscle_remodeling,0.819354463746962,0.88308962772864,1.8493862855138516,2.2911118834545166
bridge,OS,GSE298393:GSM9013396,1,0,training_ground_mean_TPM,outside_six_programs,41.33401771438886,35.592037506492915,93.29608718624716,92.34095558026691
bridge,OS,GSE298393:GSM9013396,1,0,training_all_mean_TPM,mitochondrial_expression,0.4482880933402402,0.3049331729921284,1.3067420645768821,0.8549930938568564
bridge,OS,GSE298393:GSM9013396,1,0,training_all_mean_TPM,dna_repair,0.5196651914145046,0.2807037635505869,1.5148034828628236,0.7870569702220466
bridge,OS,GSE298393:GSM9013396,1,0,training_all_mean_TPM,oxidative_stress,0.10719675203338995,0.10380989728991119,0.31247429309199104,0.2910694969194278
bridge,OS,GSE298393:GSM9013396,1,0,training_all_mean_TPM,inflammatory_signaling,0.40274900282426085,0.8391291146962072,1.173997416561796,2.352809275814657
bridge,OS,GSE298393:GSM9013396,1,0,training_all_mean_TPM,proteostasis,0.26380106990119956,0.40262254273616105,0.7689696867738343,1.1289014248357656
bridge,OS,GSE298393:GSM9013396,1,0,training_all_mean_TPM,muscle_remodeling,0.6682088237277146,1.1531466000618593,1.947802296912051,3.2332736041245838
bridge,OS,GSE298393:GSM9013396,1,0,training_all_mean_TPM,outside_six_programs,31.89587378336498,32.58064158319482,92.97521075922063,91.35189613422666
bridge,OS,GSE298393:GSM9013397,2,0,training_ground_mean_TPM,mitochondrial_expression,0.3315486799548997,0.21087422576074746,1.096289082551343,0.7619228774795742
bridge,OS,GSE298393:GSM9013397,2,0,training_ground_mean_TPM,dna_repair,0.3877619097085577,0.17235464880650114,1.2821620894421213,0.6227453805313515
bridge,OS,GSE298393:GSM9013397,2,0,training_ground_mean_TPM,oxidative_stress,0.07718117656103594,0.05659129636499677,0.25520500112937,0.20447355863982414
bridge,OS,GSE298393:GSM9013397,2,0,training_ground_mean_TPM,inflammatory_signaling,0.30653962925502526,0.4174754676660885,1.0135948934175636,1.5084067692661844
bridge,OS,GSE298393:GSM9013397,2,0,training_ground_mean_TPM,proteostasis,0.19751397627260853,0.22440513062039225,0.6530938861479421,0.8108122376105739
bridge,OS,GSE298393:GSM9013397,2,0,training_ground_mean_TPM,muscle_remodeling,0.8544416355514808,0.8454708970659988,2.825271501185957,3.0548238714039764
bridge,OS,GSE298393:GSM9013397,2,0,training_ground_mean_TPM,outside_six_programs,28.087828070568168,25.74941240719988,92.8743835461257,93.03681530506852
bridge,OS,GSE298393:GSM9013397,2,0,training_all_mean_TPM,mitochondrial_expression,0.33614582872704235,0.24830728506942026,1.426402271668077,0.8830605915830483
bridge,OS,GSE298393:GSM9013397,2,0,training_all_mean_TPM,dna_repair,0.31190414407882855,0.172898270872285,1.3235350304406048,0.6148818763713713
bridge,OS,GSE298393:GSM9013397,2,0,training_all_mean_TPM,oxidative_stress,0.03460559962295476,0.04939014957871969,0.14684551077592348,0.17564726179163845
bridge,OS,GSE298393:GSM9013397,2,0,training_all_mean_TPM,inflammatory_signaling,0.2244460677544761,0.4550801352418115,0.9524151530433563,1.618411370137518
bridge,OS,GSE298393:GSM9013397,2,0,training_all_mean_TPM,proteostasis,0.1159376764207683,0.1730021401507668,0.4919703024272523,0.6152512689426678
bridge,OS,GSE298393:GSM9013397,2,0,training_all_mean_TPM,muscle_remodeling,0.6330163953420785,1.043536009436949,2.686143772000461,3.7111497778809697
bridge,OS,GSE298393:GSM9013397,2,0,training_all_mean_TPM,outside_six_programs,21.90993513115195,25.97672682030086,92.97268795964433,92.38159785329279
bridge,OS,GSE298393:GSM9013404,6,1,training_ground_mean_TPM,mitochondrial_expression,0.6287754345163279,0.6166718750006742,1.2846810931508705,1.7967196830176895
bridge,OS,GSE298393:GSM9013404,6,1,training_ground_mean_TPM,dna_repair,0.4983997345078301,0.32730746953017276,1.0183042794064436,0.9536348206295789
bridge,OS,GSE298393:GSM9013404,6,1,training_ground_mean_TPM,oxidative_stress,0.15053717601278618,0.0815839049577851,0.3075696874015348,0.23770081594030326
bridge,OS,GSE298393:GSM9013404,6,1,training_ground_mean_TPM,inflammatory_signaling,0.5697763840431644,0.5084972064087939,1.1641373179077574,1.4815446861642425
bridge,OS,GSE298393:GSM9013404,6,1,training_ground_mean_TPM,proteostasis,0.32793655743839106,0.2894008280510782,0.6700228284493284,0.8431909823038737
bridge,OS,GSE298393:GSM9013404,6,1,training_ground_mean_TPM,muscle_remodeling,1.6487912368319342,0.7515134045000151,3.3687240503283706,2.189590575888248
bridge,OS,GSE298393:GSM9013404,6,1,training_ground_mean_TPM,outside_six_programs,45.11987067996965,31.74712245499346,92.1865607433557,92.49761843605606
bridge,OS,GSE298393:GSM9013404,6,1,training_all_mean_TPM,mitochondrial_expression,0.3860864421441869,0.4051221714119577,1.227647925334392,1.6917820931691263
bridge,OS,GSE298393:GSM9013404,6,1,training_all_mean_TPM,dna_repair,0.32390496356218224,0.22391059927156892,1.0299280500870909,0.9350461886550486
bridge,OS,GSE298393:GSM9013404,6,1,training_all_mean_TPM,oxidative_stress,0.09892495240407441,0.0652737098590975,0.31455394265647607,0.272581708153529
bridge,OS,GSE298393:GSM9013404,6,1,training_all_mean_TPM,inflammatory_signaling,0.31681422268403847,0.38187802180628744,1.0073814585005207,1.5947149888515264
bridge,OS,GSE298393:GSM9013404,6,1,training_all_mean_TPM,proteostasis,0.19781020175612138,0.18681894920101663,0.628981640606766,0.7801521990796275
bridge,OS,GSE298393:GSM9013404,6,1,training_all_mean_TPM,muscle_remodeling,0.9719156165147333,0.4954009447700234,3.090422402786189,2.068784446874277
bridge,OS,GSE298393:GSM9013404,6,1,training_all_mean_TPM,outside_six_programs,29.153824308921287,22.188070332766678,92.70108458002858,92.65693837521687
bridge,OS,GSE298393:GSM9013405,7,1,training_ground_mean_TPM,mitochondrial_expression,0.4289289927191559,0.38674297083263676,0.9399943746191436,1.1826233028773978
bridge,OS,GSE298393:GSM9013405,7,1,training_ground_mean_TPM,dna_repair,0.46311354555441453,0.27370863252107425,1.0149095421864092,0.8369750232854462
bridge,OS,GSE298393:GSM9013405,7,1,training_ground_mean_TPM,oxidative_stress,0.1239785353415437,0.08368110727414914,0.27169794481781867,0.2558888847027513
bridge,OS,GSE298393:GSM9013405,7,1,training_ground_mean_TPM,inflammatory_signaling,0.520572858536446,0.5519765517855494,1.1408311559952353,1.6878919127556542
bridge,OS,GSE298393:GSM9013405,7,1,training_ground_mean_TPM,proteostasis,0.29471947147972466,0.27957232333635323,0.6458753079977939,0.8549056333339945
bridge,OS,GSE298393:GSM9013405,7,1,training_ground_mean_TPM,muscle_remodeling,1.532395141075349,0.8673698958210244,3.358231401363154,2.652334827970765
bridge,OS,GSE298393:GSM9013405,7,1,training_ground_mean_TPM,outside_six_programs,42.26730843802207,30.259075213520248,92.62846027302045,92.529380415074
bridge,OS,GSE298393:GSM9013405,7,1,training_all_mean_TPM,mitochondrial_expression,0.2130665682368053,0.19981742475324346,0.7728620539626253,0.9183290316857367
bridge,OS,GSE298393:GSM9013405,7,1,training_all_mean_TPM,dna_repair,0.2870301889239713,0.17161312598915215,1.0411522708457503,0.7887065705545897
bridge,OS,GSE298393:GSM9013405,7,1,training_all_mean_TPM,oxidative_stress,0.07361927318677189,0.06631383466611776,0.2670411559974411,0.3047678131749892
bridge,OS,GSE298393:GSM9013405,7,1,training_all_mean_TPM,inflammatory_signaling,0.28495753512131,0.4365111110850171,1.0336340783468787,2.006135483218222
bridge,OS,GSE298393:GSM9013405,7,1,training_all_mean_TPM,proteostasis,0.16009475269142398,0.17514799520350943,0.5807159725603496,0.8049522659776248
bridge,OS,GSE298393:GSM9013405,7,1,training_all_mean_TPM,muscle_remodeling,0.8134276373681293,0.5666093140918764,2.9505677956364686,2.604046085553738
bridge,OS,GSE298393:GSM9013405,7,1,training_all_mean_TPM,outside_six_programs,25.736316063449422,20.142792356501044,93.35402667265048,92.5730627498351
bridge,OS,GSE298393:GSM9013406,8,1,training_ground_mean_TPM,mitochondrial_expression,0.8057122125520121,0.7829195972057509,1.383903332741647,1.9175526179915574
bridge,OS,GSE298393:GSM9013406,8,1,training_ground_mean_TPM,dna_repair,0.7924442798985506,0.4977554412667174,1.3611141334076085,1.219119118907049
bridge,OS,GSE298393:GSM9013406,8,1,training_ground_mean_TPM,oxidative_stress,0.1661312346557542,0.11458460818161115,0.285349490464303,0.280644418896111
bridge,OS,GSE298393:GSM9013406,8,1,training_ground_mean_TPM,inflammatory_signaling,0.648262391178088,0.5730427584425419,1.113465167421068,1.403515310632626
bridge,OS,GSE298393:GSM9013406,8,1,training_ground_mean_TPM,proteostasis,0.38825719142030707,0.3991531277242554,0.6668763521227984,0.9776190655833313
bridge,OS,GSE298393:GSM9013406,8,1,training_ground_mean_TPM,muscle_remodeling,1.3089963235387705,0.873432857649464,2.248351640288593,2.139240694450807
bridge,OS,GSE298393:GSM9013406,8,1,training_ground_mean_TPM,outside_six_programs,54.110463165003026,37.58821793286904,92.94093988355398,92.0623087735385
bridge,OS,GSE298393:GSM9013406,8,1,training_all_mean_TPM,mitochondrial_expression,0.5703943589307052,0.5830831094119675,1.3728165834765655,1.8642417447225852
bridge,OS,GSE298393:GSM9013406,8,1,training_all_mean_TPM,dna_repair,0.6182813169692866,0.3950229559912045,1.488070195470294,1.26297310416895
bridge,OS,GSE298393:GSM9013406,8,1,training_all_mean_TPM,oxidative_stress,0.11642561228447304,0.09916585066092079,0.2802114165104405,0.3170544909789149
bridge,OS,GSE298393:GSM9013406,8,1,training_all_mean_TPM,inflammatory_signaling,0.3966913253274833,0.4429796133518692,0.9547507288672635,1.4163008222008964
bridge,OS,GSE298393:GSM9013406,8,1,training_all_mean_TPM,proteostasis,0.2589309538886149,0.3070903597900146,0.6231911341831492,0.9818337367031149
bridge,OS,GSE298393:GSM9013406,8,1,training_all_mean_TPM,muscle_remodeling,0.9403676926180986,0.9182040031966585,2.263262851006827,2.9356951098392905
bridge,OS,GSE298393:GSM9013406,8,1,training_all_mean_TPM,outside_six_programs,38.64811245707368,28.531680414893426,93.01769709048547,91.22190099138625
expression,YA,GSE298393:GSM9013398,3,0,training_ground_mean_TPM,mitochondrial_expression,0.04707899768396681,0.1396454480888899,0.4495595645514244,1.5122996679030978
expression,YA,GSE298393:GSM9013398,3,0,training_ground_mean_TPM,dna_repair,0.07312577678952863,0.11585551843613308,0.6982814840635578,1.2546650424593735
expression,YA,GSE298393:GSM9013398,3,0,training_ground_mean_TPM,oxidative_stress,0.028581245793283055,0.024079106810044864,0.2729236611921625,0.2607662887017597
expression,YA,GSE298393:GSM9013398,3,0,training_ground_mean_TPM,inflammatory_signaling,0.2564594836866906,0.053756584707701074,2.4489436794134662,0.5821605094446967
expression,YA,GSE298393:GSM9013398,3,0,training_ground_mean_TPM,proteostasis,0.05157590223752329,0.09827142806646227,0.4925007177700422,1.0642369662824538
expression,YA,GSE298393:GSM9013398,3,0,training_ground_mean_TPM,muscle_remodeling,0.17745609084393033,0.10825209087805718,1.694536563040809,1.1723232180149126
expression,YA,GSE298393:GSM9013398,3,0,training_ground_mean_TPM,outside_six_programs,9.837971654407951,8.694119771081962,93.94325432996857,94.15354830719372
expression,YA,GSE298393:GSM9013398,3,0,training_all_mean_TPM,mitochondrial_expression,0.028096884432635427,0.2558180731861254,0.39397275966360684,1.8008320151857626
expression,YA,GSE298393:GSM9013398,3,0,training_all_mean_TPM,dna_repair,0.05877862913801345,0.1717289555850702,0.8241902687206503,1.2088864453568289
expression,YA,GSE298393:GSM9013398,3,0,training_all_mean_TPM,oxidative_stress,0.016546581315330336,0.03714028261385835,0.23201513034046767,0.26144911948977484
expression,YA,GSE298393:GSM9013398,3,0,training_all_mean_TPM,inflammatory_signaling,0.17807308742053715,0.08274727259553752,2.496929716214349,0.5824996482986151
expression,YA,GSE298393:GSM9013398,3,0,training_all_mean_TPM,proteostasis,0.037442038163001935,0.1291001149203006,0.5250099219319148,0.9088006066853906
expression,YA,GSE298393:GSM9013398,3,0,training_all_mean_TPM,muscle_remodeling,0.1191720612118974,0.18909135921481712,1.6710232034095902,1.3311091324704052
expression,YA,GSE298393:GSM9013398,3,0,training_all_mean_TPM,outside_six_programs,6.693572730198268,13.339922878648213,93.8568589997194,93.90642303251322
expression,YA,GSE298393:GSM9013399,4,0,training_ground_mean_TPM,mitochondrial_expression,0.05864182094225162,0.11498995567335685,0.532089454159717,1.2041053162500766
expression,YA,GSE298393:GSM9013399,4,0,training_ground_mean_TPM,dna_repair,0.07981699700316863,0.10353459896949821,0.724223458372933,1.084151744428211
expression,YA,GSE298393:GSM9013399,4,0,training_ground_mean_TPM,oxidative_stress,0.030839802963723507,0.020297597207228346,0.27982647301352365,0.21254417015128224
expression,YA,GSE298393:GSM9013399,4,0,training_ground_mean_TPM,inflammatory_signaling,0.27326411631671343,0.052706627718386356,2.4794754350411994,0.5519119497497756
expression,YA,GSE298393:GSM9013399,4,0,training_ground_mean_TPM,proteostasis,0.05522353988925656,0.09601647180818026,0.5010735124575695,1.0054264607268928
expression,YA,GSE298393:GSM9013399,4,0,training_ground_mean_TPM,muscle_remodeling,0.17837588008153035,0.11623866716664814,1.6185023442792899,1.2171810682905915
expression,YA,GSE298393:GSM9013399,4,0,training_ground_mean_TPM,outside_six_programs,10.3448833613355,9.046041509640009,93.86480932267577,94.72467929040317
expression,YA,GSE298393:GSM9013399,4,0,training_all_mean_TPM,mitochondrial_expression,0.02683571456356381,0.21833858764323594,0.3560240146219822,1.518504277309186
expression,YA,GSE298393:GSM9013399,4,0,training_all_mean_TPM,dna_repair,0.059896015806026146,0.153834202572808,0.7946283657404957,1.0698882736429274
expression,YA,GSE298393:GSM9013399,4,0,training_all_mean_TPM,oxidative_stress,0.018720224446853045,0.033273858972124086,0.2483574434512132,0.23141350192441967
expression,YA,GSE298393:GSM9013399,4,0,training_all_mean_TPM,inflammatory_signaling,0.19508509684744008,0.0819046924031029,2.5881546477188397,0.5696319056026373
expression,YA,GSE298393:GSM9013399,4,0,training_all_mean_TPM,proteostasis,0.040401087087515636,0.126156569934799,0.5359930769094998,0.8773954852619589
expression,YA,GSE298393:GSM9013399,4,0,training_all_mean_TPM,muscle_remodeling,0.11823819271273298,0.19522427776664364,1.568642264081544,1.3577485501904998
expression,YA,GSE298393:GSM9013399,4,0,training_all_mean_TPM,outside_six_programs,7.078437273634202,13.569797453714646,93.90820018747644,94.37541800606839
expression,YA,GSE298393:GSM9013400,5,0,training_ground_mean_TPM,mitochondrial_expression,0.04417410953214433,0.07309756990876592,0.5152707883433312,1.0905642652077685
expression,YA,GSE298393:GSM9013400,5,0,training_ground_mean_TPM,dna_repair,0.05555461241684017,0.06793634048704153,0.6480191505683506,1.0135623569514915
expression,YA,GSE298393:GSM9013400,5,0,training_ground_mean_TPM,oxidative_stress,0.017454470338558153,0.015479669069962353,0.20359841515129162,0.23094576120674104
expression,YA,GSE298393:GSM9013400,5,0,training_ground_mean_TPM,inflammatory_signaling,0.169980564720201,0.03826646821417201,1.9827455610098617,0.5709087571881153
expression,YA,GSE298393:GSM9013400,5,0,training_ground_mean_TPM,proteostasis,0.04038146715964659,0.0672480911304698,0.47103134931719337,1.0032941612403867
expression,YA,GSE298393:GSM9013400,5,0,training_ground_mean_TPM,muscle_remodeling,0.13221332832621216,0.08643643270840146,1.5422080181734004,1.289570704490879
expression,YA,GSE298393:GSM9013400,5,0,training_ground_mean_TPM,outside_six_programs,8.113230743905362,6.354264670653794,94.6371267174366,94.80115399371462
expression,YA,GSE298393:GSM9013400,5,0,training_all_mean_TPM,mitochondrial_expression,0.011358929122856413,0.1754371278480449,0.22011111287984003,1.5120736747119563
expression,YA,GSE298393:GSM9013400,5,0,training_all_mean_TPM,dna_repair,0.036347602477678535,0.11894991534833217,0.7043367508806125,1.0252164853223977
expression,YA,GSE298393:GSM9013400,5,0,training_all_mean_TPM,oxidative_stress,0.0076149519104931705,0.030735990923663567,0.1475610527556158,0.2649101892622852
expression,YA,GSE298393:GSM9013400,5,0,training_all_mean_TPM,inflammatory_signaling,0.09866055480905887,0.07432354245701972,1.9118249864476164,0.6405865926962524
expression,YA,GSE298393:GSM9013400,5,0,training_all_mean_TPM,proteostasis,0.026347780558522306,0.09817695545770516,0.5105621522878013,0.8461765854918984
expression,YA,GSE298393:GSM9013400,5,0,training_all_mean_TPM,muscle_remodeling,0.07621940089080237,0.1695658032417845,1.476964683171679,1.4614693614647372
expression,YA,GSE298393:GSM9013400,5,0,training_all_mean_TPM,outside_six_programs,4.903994005077815,10.935229963602186,95.02863926157684,94.24956711105048
expression,YA,GSE298393:GSM9013410,9,1,training_ground_mean_TPM,mitochondrial_expression,0.22789672212001166,0.004943630177052101,1.4672212299036398,0.24254731818298336
expression,YA,GSE298393:GSM9013410,9,1,training_ground_mean_TPM,dna_repair,0.12732637902567512,0.009083646303367757,0.8197395938623889,0.4456672468000837
expression,YA,GSE298393:GSM9013410,9,1,training_ground_mean_TPM,oxidative_stress,0.04286333966278154,0.0011484589785649322,0.27595834355478605,0.05634637610780912
expression,YA,GSE298393:GSM9013410,9,1,training_ground_mean_TPM,inflammatory_signaling,0.23387151195024466,0.020681979392114806,1.505687507090873,1.0147115493304237
expression,YA,GSE298393:GSM9013410,9,1,training_ground_mean_TPM,proteostasis,0.07921694844956462,0.006678800109096077,0.5100064075172469,0.3276792553498481
expression,YA,GSE298393:GSM9013410,9,1,training_ground_mean_TPM,muscle_remodeling,0.2960987441581032,0.013561362174249941,1.9063124714351778,0.6653556007366791
expression,YA,GSE298393:GSM9013410,9,1,training_ground_mean_TPM,outside_six_programs,14.525266197652304,1.9821147957933625,93.51507444663588,97.24769265349217
expression,YA,GSE298393:GSM9013410,9,1,training_all_mean_TPM,mitochondrial_expression,0.1066624274245445,0.018864073830151845,1.1867674798956651,0.49571175109388604
expression,YA,GSE298393:GSM9013410,9,1,training_all_mean_TPM,dna_repair,0.06943261348819191,0.021410465566336866,0.7725341502305788,0.5626260516781897
expression,YA,GSE298393:GSM9013410,9,1,training_all_mean_TPM,oxidative_stress,0.023383617009881955,0.006764576607431547,0.2601751797679146,0.17776012465127417
expression,YA,GSE298393:GSM9013410,9,1,training_all_mean_TPM,inflammatory_signaling,0.14386650882354424,0.038054060419404255,1.600714499383466,0.9999878656424649
expression,YA,GSE298393:GSM9013410,9,1,training_all_mean_TPM,proteostasis,0.04140921724346813,0.013833619831359258,0.46073498962179327,0.36352104918129485
expression,YA,GSE298393:GSM9013410,9,1,training_all_mean_TPM,muscle_remodeling,0.17979115193236547,0.036377067917305037,2.000425992904157,0.955919712746552
expression,YA,GSE298393:GSM9013410,9,1,training_all_mean_TPM,outside_six_programs,8.423097724569246,3.670148354486241,93.7186477081964,96.44447344500635
expression,YA,GSE298393:GSM9013411,10,1,training_ground_mean_TPM,mitochondrial_expression,0.184697087869584,0.012919095738953824,1.2867517691590282,0.6386055596640691
expression,YA,GSE298393:GSM9013411,10,1,training_ground_mean_TPM,dna_repair,0.10196123370960768,0.02109961970570101,0.7103457849542019,1.042978140507948
expression,YA,GSE298393:GSM9013411,10,1,training_ground_mean_TPM,oxidative_stress,0.03752921469429625,0.004843408544417397,0.2614593654943449,0.23941517941253962
expression,YA,GSE298393:GSM9013411,10,1,training_ground_mean_TPM,inflammatory_signaling,0.23923402758382095,0.01996435532990306,1.666700930628023,0.9868607344044277
expression,YA,GSE298393:GSM9013411,10,1,training_ground_mean_TPM,proteostasis,0.06911872916011311,0.010696054809556377,0.48153789566839034,0.5287181243853403
expression,YA,GSE298393:GSM9013411,10,1,training_ground_mean_TPM,muscle_remodeling,0.2925867780042064,0.0194021909588292,2.0384000558541153,0.959072311741814
expression,YA,GSE298393:GSM9013411,10,1,training_ground_mean_TPM,outside_six_programs,13.428619494277049,1.934091758788815,93.5548041982419,95.60434994988385
expression,YA,GSE298393:GSM9013411,10,1,training_all_mean_TPM,mitochondrial_expression,0.07521203108690755,0.03858877730484424,0.9180677224397222,0.9245404340421979
expression,YA,GSE298393:GSM9013411,10,1,training_all_mean_TPM,dna_repair,0.054003006236394244,0.04336197703293987,0.6591819981972922,1.038900526706488
expression,YA,GSE298393:GSM9013411,10,1,training_all_mean_TPM,oxidative_stress,0.02272613383834718,0.015136167970234527,0.277404155044333,0.3626442785265318
expression,YA,GSE298393:GSM9013411,10,1,training_all_mean_TPM,inflammatory_signaling,0.14905789127549862,0.03716530317557058,1.8194594239429596,0.890435715488151
expression,YA,GSE298393:GSM9013411,10,1,training_all_mean_TPM,proteostasis,0.03516709667341349,0.021706973251216406,0.42926345534362736,0.5200728261712154
expression,YA,GSE298393:GSM9013411,10,1,training_all_mean_TPM,muscle_remodeling,0.1790337821699368,0.044972493093352425,2.1853569736283176,1.0774865437176784
expression,YA,GSE298393:GSM9013411,10,1,training_all_mean_TPM,outside_six_programs,7.677227398070359,3.972901694358062,93.71126627140376,95.18591967534776
expression,YA,GSE298393:GSM9013412,11,1,training_ground_mean_TPM,mitochondrial_expression,0.1972603106532107,0.013634788183732842,1.2864249832846173,0.5500886587013271
expression,YA,GSE298393:GSM9013412,11,1,training_ground_mean_TPM,dna_repair,0.10689363337793557,0.016495932042970285,0.697102423067712,0.6655200659715335
expression,YA,GSE298393:GSM9013412,11,1,training_ground_mean_TPM,oxidative_stress,0.040839480428510794,0.009370297118271509,0.26633298788604715,0.3780399155428406
expression,YA,GSE298393:GSM9013412,11,1,training_ground_mean_TPM,inflammatory_signaling,0.24937466533571445,0.0312848038503789,1.626286598778009,1.2621696469271855
expression,YA,GSE298393:GSM9013412,11,1,training_ground_mean_TPM,proteostasis,0.08013350319570968,0.013854762728694191,0.522587337349916,0.5589634208725935
expression,YA,GSE298393:GSM9013412,11,1,training_ground_mean_TPM,muscle_remodeling,0.29225130819910106,0.030827612126831917,1.9059048574950466,1.2437244772196459
expression,YA,GSE298393:GSM9013412,11,1,training_ground_mean_TPM,outside_six_programs,14.367239614218505,2.363184648005646,93.69536081213865,95.34149381476485
expression,YA,GSE298393:GSM9013412,11,1,training_all_mean_TPM,mitochondrial_expression,0.08707011977149637,0.03859933565058542,0.943211349245125,0.8233579596888119
expression,YA,GSE298393:GSM9013412,11,1,training_all_mean_TPM,dna_repair,0.06286113287352418,0.0426840163390112,0.6809607487426895,0.9104878105247688
expression,YA,GSE298393:GSM9013412,11,1,training_all_mean_TPM,oxidative_stress,0.02230782854405546,0.015934485515582367,0.24165577255419748,0.33989666562050896
expression,YA,GSE298393:GSM9013412,11,1,training_all_mean_TPM,inflammatory_signaling,0.165683829766203,0.054971052434857275,1.7948162817738387,1.1725811548786158
expression,YA,GSE298393:GSM9013412,11,1,training_all_mean_TPM,proteostasis,0.04700207528598921,0.02568588574733338,0.5091630856161038,0.5479026549360726
expression,YA,GSE298393:GSM9013412,11,1,training_all_mean_TPM,muscle_remodeling,0.17737709084593,0.055076692742453665,1.9214867927255808,1.1748345560488027
expression,YA,GSE298393:GSM9013412,11,1,training_all_mean_TPM,outside_six_programs,8.66893966329058,4.455086728853656,93.90870596934249,95.0309391983024
expression,OS,GSE298393:GSM9013395,0,0,training_ground_mean_TPM,mitochondrial_expression,0.1312796112571314,0.02326912377170199,1.0234911743893522,0.5916051524053164
expression,OS,GSE298393:GSM9013395,0,0,training_ground_mean_TPM,dna_repair,0.12853386043622542,0.027601210361626174,1.0020845621564347,0.7017461603955656
expression,OS,GSE298393:GSM9013395,0,0,training_ground_mean_TPM,oxidative_stress,0.018559958212334957,0.02554649068698461,0.14469842838088165,0.6495060005084615
expression,OS,GSE298393:GSM9013395,0,0,training_ground_mean_TPM,inflammatory_signaling,0.233395108943026,0.14327805252222622,1.8196110718285827,3.6427686289516275
expression,OS,GSE298393:GSM9013395,0,0,training_ground_mean_TPM,proteostasis,0.13610825524908468,0.014199387927803713,1.061136582253583,0.3610119204104473
expression,OS,GSE298393:GSM9013395,0,0,training_ground_mean_TPM,muscle_remodeling,0.19254552013494702,0.05557918466188712,1.501136685576683,1.4130713444588772
expression,OS,GSE298393:GSM9013395,0,0,training_ground_mean_TPM,outside_six_programs,11.986225784169957,3.6437451295706085,93.44784149541447,92.64029079286969
expression,OS,GSE298393:GSM9013395,0,0,training_all_mean_TPM,mitochondrial_expression,0.04594504038215401,0.07190857337193657,0.679980861597692,1.057194034903455
expression,OS,GSE298393:GSM9013395,0,0,training_all_mean_TPM,dna_repair,0.0601148349308659,0.05592632279376447,0.8896920518753241,0.822224278401932
expression,OS,GSE298393:GSM9013395,0,0,training_all_mean_TPM,oxidative_stress,0.00699764786965807,0.03685675829506963,0.10356431484203364,0.5418650821215241
expression,OS,GSE298393:GSM9013395,0,0,training_all_mean_TPM,inflammatory_signaling,0.15940643488248157,0.18034600319536775,2.359195334992205,2.6514323655213903
expression,OS,GSE298393:GSM9013395,0,0,training_all_mean_TPM,proteostasis,0.07053076701545087,0.029037592090916824,1.0438465463388913,0.4269083324417269
expression,OS,GSE298393:GSM9013395,0,0,training_all_mean_TPM,muscle_remodeling,0.1013434917667301,0.10494360858142068,1.4998710258099246,1.5428724530477094
expression,OS,GSE298393:GSM9013395,0,0,training_all_mean_TPM,outside_six_programs,6.312475537322289,6.322814201437454,93.42384986454393,92.95750345356227
expression,OS,GSE298393:GSM9013396,1,0,training_ground_mean_TPM,mitochondrial_expression,0.14109719109163704,0.06887257768856139,0.8703527894395039,1.2092362452302385
expression,OS,GSE298393:GSM9013396,1,0,training_ground_mean_TPM,dna_repair,0.216552595681756,0.046063743429909036,1.3357966537375856,0.8087681631187656
expression,OS,GSE298393:GSM9013396,1,0,training_ground_mean_TPM,oxidative_stress,0.028800692473607052,0.05840575378213002,0.17765600320075367,1.0254640783551592
expression,OS,GSE298393:GSM9013396,1,0,training_ground_mean_TPM,inflammatory_signaling,0.1802738389059632,0.1420064028853933,1.1120124882774691,2.493289712493297
expression,OS,GSE298393:GSM9013396,1,0,training_ground_mean_TPM,proteostasis,0.19137210785133588,0.02837678942392994,1.1804717485917406,0.4982279369569932
expression,OS,GSE298393:GSM9013396,1,0,training_ground_mean_TPM,muscle_remodeling,0.16305773368825693,0.10989398030991895,1.0058155818501606,1.9294730730753908
expression,OS,GSE298393:GSM9013396,1,0,training_ground_mean_TPM,outside_six_programs,15.290339938292908,5.241924361946483,94.31789473490278,92.03554079077016
expression,OS,GSE298393:GSM9013396,1,0,training_all_mean_TPM,mitochondrial_expression,0.0731566776431308,0.1349060847152671,0.7215350254668603,1.5757236901284966
expression,OS,GSE298393:GSM9013396,1,0,training_all_mean_TPM,dna_repair,0.13879894721582392,0.06505423290147475,1.3689563979747863,0.7598433839536805
expression,OS,GSE298393:GSM9013396,1,0,training_all_mean_TPM,oxidative_stress,0.017616134162194264,0.07009377342147916,0.17374569514147364,0.8187059875307804
expression,OS,GSE298393:GSM9013396,1,0,training_all_mean_TPM,inflammatory_signaling,0.1135825688542978,0.1863717575674138,1.1202504590306857,2.176850615668521
expression,OS,GSE298393:GSM9013396,1,0,training_all_mean_TPM,proteostasis,0.1237969221305641,0.041217296099905085,1.2209933288377366,0.48142431858977053
expression,OS,GSE298393:GSM9013396,1,0,training_all_mean_TPM,muscle_remodeling,0.09508559464937125,0.1824882935587837,0.9378171503569872,2.1314911624527886
expression,OS,GSE298393:GSM9013396,1,0,training_all_mean_TPM,outside_six_programs,9.576996613324802,7.881400355692891,94.45670194319148,92.05596084167595
expression,OS,GSE298393:GSM9013397,2,0,training_ground_mean_TPM,mitochondrial_expression,0.09303461661492472,0.05833552023108199,0.9202428708433161,1.264997250611717
expression,OS,GSE298393:GSM9013397,2,0,training_ground_mean_TPM,dna_repair,0.12180281587634095,0.021710108643317863,1.204800718669942,0.470780540492137
expression,OS,GSE298393:GSM9013397,2,0,training_ground_mean_TPM,oxidative_stress,0.02271687588020215,0.01987902241138342,0.22470177055832466,0.4310737025338141
expression,OS,GSE298393:GSM9013397,2,0,training_ground_mean_TPM,inflammatory_signaling,0.09481654595449113,0.08721923293327816,0.9378686517703209,1.8913363491746713
expression,OS,GSE298393:GSM9013397,2,0,training_ground_mean_TPM,proteostasis,0.09827165835376855,0.020559299720294508,0.9720445603631157,0.44582541678984894
expression,OS,GSE298393:GSM9013397,2,0,training_ground_mean_TPM,muscle_remodeling,0.13714056820481785,0.07931963632779246,1.3565126055847003,1.720034748583876
expression,OS,GSE298393:GSM9013397,2,0,training_ground_mean_TPM,outside_six_programs,9.542006363033366,4.3244907781120245,94.38382882221028,93.77595199181395
expression,OS,GSE298393:GSM9013397,2,0,training_all_mean_TPM,mitochondrial_expression,0.03498576260744305,0.1342606866988123,0.700984985150542,1.592442607716107
expression,OS,GSE298393:GSM9013397,2,0,training_all_mean_TPM,dna_repair,0.06134032574599146,0.05799175645046618,1.2290327301036301,0.6878301172046267
expression,OS,GSE298393:GSM9013397,2,0,training_all_mean_TPM,oxidative_stress,0.008893534232022441,0.028928258713965614,0.17819345633597206,0.3431130353630249
expression,OS,GSE298393:GSM9013397,2,0,training_all_mean_TPM,inflammatory_signaling,0.043562068502293654,0.14702138021476663,0.8728223616229177,1.7437949697399793
expression,OS,GSE298393:GSM9013397,2,0,training_all_mean_TPM,proteostasis,0.04281578793026186,0.04551912169353473,0.8578696655341221,0.5398943699223646
expression,OS,GSE298393:GSM9013397,2,0,training_all_mean_TPM,muscle_remodeling,0.06476718335708531,0.1475127037678104,1.2976942527515485,1.7496224727811078
expression,OS,GSE298393:GSM9013397,2,0,training_all_mean_TPM,outside_six_programs,4.734578560171901,7.869882293965073,94.86340254850128,93.3433024272728
expression,OS,GSE298393:GSM9013404,6,1,training_ground_mean_TPM,mitochondrial_expression,0.3218573509699193,0.012034110564135768,1.7683801388314317,0.6408082776650736
expression,OS,GSE298393:GSM9013404,6,1,training_ground_mean_TPM,dna_repair,0.22617992622996508,0.012454364739082763,1.242699873537485,0.6631865292686377
expression,OS,GSE298393:GSM9013404,6,1,training_ground_mean_TPM,oxidative_stress,0.03969240916730821,0.011478261387678578,0.21808191679424635,0.6112096836095551
expression,OS,GSE298393:GSM9013404,6,1,training_ground_mean_TPM,inflammatory_signaling,0.1989703675362244,0.04033600925000608,1.0932024547729962,2.1478653098310736
expression,OS,GSE298393:GSM9013404,6,1,training_ground_mean_TPM,proteostasis,0.1807030137008012,0.013102795216458423,0.9928361725854948,0.6977150152068488
expression,OS,GSE298393:GSM9013404,6,1,training_ground_mean_TPM,muscle_remodeling,0.2631568780054006,0.02197448074054372,1.4458622587281813,1.170126290670607
expression,OS,GSE298393:GSM9013404,6,1,training_ground_mean_TPM,outside_six_programs,16.970128011822812,1.7665780169689937,93.23893718475017,94.06908889374822
expression,OS,GSE298393:GSM9013404,6,1,training_all_mean_TPM,mitochondrial_expression,0.19486580875599097,0.019016588825419442,1.826891447159233,0.5793779206619101
expression,OS,GSE298393:GSM9013404,6,1,training_all_mean_TPM,dna_repair,0.13808119888716147,0.02109977533377698,1.2945285931423967,0.6428463102160767
expression,OS,GSE298393:GSM9013404,6,1,training_all_mean_TPM,oxidative_stress,0.022046080402163805,0.01670451057329609,0.2066847744466593,0.5089358922613036
expression,OS,GSE298393:GSM9013404,6,1,training_all_mean_TPM,inflammatory_signaling,0.11381139886585045,0.06623366531331809,1.0669961677967168,2.0179393706905113
expression,OS,GSE298393:GSM9013404,6,1,training_all_mean_TPM,proteostasis,0.10622603810770517,0.01904151202010934,0.9958824573867736,0.5801372549909136
expression,OS,GSE298393:GSM9013404,6,1,training_all_mean_TPM,muscle_remodeling,0.14218479779843127,0.041568852821324845,1.3330003486618998,1.266477165438158
expression,OS,GSE298393:GSM9013404,6,1,training_all_mean_TPM,outside_six_programs,9.94930835372637,3.0985776775870666,93.2760162114063,94.40428608574113
expression,OS,GSE298393:GSM9013405,7,1,training_ground_mean_TPM,mitochondrial_expression,0.23040038805564475,0.0069345346477872934,1.309922356406563,0.4396483588056532
expression,OS,GSE298393:GSM9013405,7,1,training_ground_mean_TPM,dna_repair,0.21252751388307256,0.008914853619376259,1.2083076080570967,0.56520025666063
expression,OS,GSE298393:GSM9013405,7,1,training_ground_mean_TPM,oxidative_stress,0.04497269342914931,0.009516095540161095,0.2556885300750166,0.6033188957826592
expression,OS,GSE298393:GSM9013405,7,1,training_ground_mean_TPM,inflammatory_signaling,0.1803545096519134,0.03251115579076373,1.0253906526178551,2.0612019424901162
expression,OS,GSE298393:GSM9013405,7,1,training_ground_mean_TPM,proteostasis,0.16331599797672552,0.007342228635869081,0.9285196032608007,0.4654960907529271
expression,OS,GSE298393:GSM9013405,7,1,training_ground_mean_TPM,muscle_remodeling,0.2880117249380779,0.015161415011140454,1.6374668488513546,0.9612312239215962
expression,OS,GSE298393:GSM9013405,7,1,training_ground_mean_TPM,outside_six_programs,16.469275544380647,1.4969108652140068,93.6347044007313,94.90390323158641
expression,OS,GSE298393:GSM9013405,7,1,training_all_mean_TPM,mitochondrial_expression,0.10613718677635806,0.016645353843712542,1.073301839572066,0.5911559915612115
expression,OS,GSE298393:GSM9013405,7,1,training_all_mean_TPM,dna_repair,0.12416083970970135,0.017292317383502863,1.255564253309556,0.6141327559159784
expression,OS,GSE298393:GSM9013405,7,1,training_all_mean_TPM,oxidative_stress,0.02637769052756775,0.013793670589341452,0.26674179547038285,0.4898791032664625
expression,OS,GSE298393:GSM9013405,7,1,training_all_mean_TPM,inflammatory_signaling,0.09469468454425568,0.05790795541679196,0.9575906636116477,2.0565879899649464
expression,OS,GSE298393:GSM9013405,7,1,training_all_mean_TPM,proteostasis,0.08909773677967042,0.013539659835560918,0.9009920810208358,0.48085796857456997
expression,OS,GSE298393:GSM9013405,7,1,training_all_mean_TPM,muscle_remodeling,0.1575724421010648,0.025288584461877806,1.5934357891856958,0.8981183796454828
expression,OS,GSE298393:GSM9013405,7,1,training_all_mean_TPM,outside_six_programs,9.2908073524668,2.6712619920146734,93.95237357782982,94.86926781107135
expression,OS,GSE298393:GSM9013406,8,1,training_ground_mean_TPM,mitochondrial_expression,0.39062096327657153,0.046824057457219015,1.7400340033010315,1.814718437054402
expression,OS,GSE298393:GSM9013406,8,1,training_ground_mean_TPM,dna_repair,0.31180687446002986,0.030482605895026348,1.3889540373677354,1.1813873024077084
expression,OS,GSE298393:GSM9013406,8,1,training_ground_mean_TPM,oxidative_stress,0.05382074453191668,0.04079911888528055,0.23974628699639475,1.581215240143147
expression,OS,GSE298393:GSM9013406,8,1,training_ground_mean_TPM,inflammatory_signaling,0.22798135416105625,0.04911355069521972,1.0155504841095295,1.9034502944827616
expression,OS,GSE298393:GSM9013406,8,1,training_ground_mean_TPM,proteostasis,0.21788413965544107,0.015638269848625166,0.970572108061762,0.606078545069715
expression,OS,GSE298393:GSM9013406,8,1,training_ground_mean_TPM,muscle_remodeling,0.28222567455347225,0.040621092722749996,1.2571836037891064,1.5743156381657355
expression,OS,GSE298393:GSM9013406,8,1,training_ground_mean_TPM,outside_six_programs,20.964702195410933,2.3567594561081178,93.38795947637445,91.33883454267652
expression,OS,GSE298393:GSM9013406,8,1,training_all_mean_TPM,mitochondrial_expression,0.2688051522640639,0.058982266919923296,1.811465263299544,1.5089819832572045
expression,OS,GSE298393:GSM9013406,8,1,training_all_mean_TPM,dna_repair,0.2265518395276671,0.0419717089001614,1.526722178441838,1.0737897311211377
expression,OS,GSE298393:GSM9013406,8,1,training_all_mean_TPM,oxidative_stress,0.037622190210342216,0.047473142514468,0.2535341682302796,1.2145365121382994
expression,OS,GSE298393:GSM9013406,8,1,training_all_mean_TPM,inflammatory_signaling,0.14235501193538552,0.07454383320323496,0.9593237220550748,1.9071037303351925
expression,OS,GSE298393:GSM9013406,8,1,training_all_mean_TPM,proteostasis,0.14514241086570603,0.02331223345563705,0.9781078721902392,0.5964121440398497
expression,OS,GSE298393:GSM9013406,8,1,training_all_mean_TPM,muscle_remodeling,0.17346702407541903,0.07242889453244727,1.1689861068283405,1.8529958684884218
expression,OS,GSE298393:GSM9013406,8,1,training_all_mean_TPM,outside_six_programs,13.845156944015717,3.590033523427415,93.30186068895469,91.84618003061989
