model,training_pool,reference,program,renormalized,flight_ground_score_gap_removed,random_gap_median,matched_random_abs_percentile
bridge,YA,training_ground_mean_TPM,mitochondrial_expression,False,-0.009606884271609772,0.23478181213079097,0.0
bridge,YA,training_ground_mean_TPM,mitochondrial_expression,True,-0.1526191512565067,0.16344671506097558,0.4
bridge,YA,training_ground_mean_TPM,dna_repair,False,0.07341462849884317,0.20323615308833118,0.15
bridge,YA,training_ground_mean_TPM,dna_repair,True,0.06570371227940086,0.3035762291364866,0.25
bridge,YA,training_ground_mean_TPM,oxidative_stress,False,0.05158026487212437,0.0684157115130119,0.2
bridge,YA,training_ground_mean_TPM,oxidative_stress,True,0.04118814853904955,0.057387589357707214,0.2
bridge,YA,training_ground_mean_TPM,inflammatory_signaling,False,0.13497050828702106,0.2684015234005983,0.25
bridge,YA,training_ground_mean_TPM,inflammatory_signaling,True,0.12198215533408074,0.3675456688900264,0.2
bridge,YA,training_ground_mean_TPM,proteostasis,False,0.014840486598738267,0.06454141964062879,0.0
bridge,YA,training_ground_mean_TPM,proteostasis,True,-0.013800856730313199,0.11508697121204631,0.0
bridge,YA,training_ground_mean_TPM,muscle_remodeling,False,0.80258471539067,0.4563213188101447,0.95
bridge,YA,training_ground_mean_TPM,muscle_remodeling,True,0.7172981800192703,0.5367505226788201,0.9
bridge,YA,training_all_mean_TPM,mitochondrial_expression,False,-0.02134968801192371,0.23186876437504597,0.0
bridge,YA,training_all_mean_TPM,mitochondrial_expression,True,-0.15930148356445292,0.1621733463720147,0.45
bridge,YA,training_all_mean_TPM,dna_repair,False,0.078349227883488,0.18041714795371405,0.15
bridge,YA,training_all_mean_TPM,dna_repair,True,0.07143144476837437,0.30619331535550975,0.25
bridge,YA,training_all_mean_TPM,oxidative_stress,False,0.045039950290856695,0.07178966296536753,0.25
bridge,YA,training_all_mean_TPM,oxidative_stress,True,0.034955303575543446,0.06037686058020121,0.2
bridge,YA,training_all_mean_TPM,inflammatory_signaling,False,0.17557598647529932,0.27068391404259284,0.25
bridge,YA,training_all_mean_TPM,inflammatory_signaling,True,0.1622300613079612,0.36660650570945563,0.2
bridge,YA,training_all_mean_TPM,proteostasis,False,0.016659023827742203,0.0672528677425058,0.0
bridge,YA,training_all_mean_TPM,proteostasis,True,-0.011605468403331543,0.11777558965695788,0.0
bridge,YA,training_all_mean_TPM,muscle_remodeling,False,0.82120088692227,0.48267413659910596,0.95
bridge,YA,training_all_mean_TPM,muscle_remodeling,True,0.7452616101481908,0.5484508521808493,0.9
bridge,OS,training_ground_mean_TPM,mitochondrial_expression,False,-0.10812043153850934,0.16410865838956096,0.3
bridge,OS,training_ground_mean_TPM,mitochondrial_expression,True,-0.36638053620860467,0.1838248193948857,0.7
bridge,OS,training_ground_mean_TPM,dna_repair,False,-0.1358906265077924,0.17672043557907574,0.45
bridge,OS,training_ground_mean_TPM,dna_repair,True,-0.17992609844509394,0.09826706119516376,0.6
bridge,OS,training_ground_mean_TPM,oxidative_stress,False,0.02936737393027524,0.03155258548777816,0.15
bridge,OS,training_ground_mean_TPM,oxidative_stress,True,0.012333301399091156,-0.0016669299429091953,0.1
bridge,OS,training_ground_mean_TPM,inflammatory_signaling,False,0.06571579779521625,0.1265069533902761,0.2
bridge,OS,training_ground_mean_TPM,inflammatory_signaling,True,0.08690746441682984,0.09002136378861297,0.3
bridge,OS,training_ground_mean_TPM,proteostasis,False,0.0688324990655928,0.11020973691396799,0.4
bridge,OS,training_ground_mean_TPM,proteostasis,True,0.05051055135709247,0.10858824690899381,0.25
bridge,OS,training_ground_mean_TPM,muscle_remodeling,False,0.5623415887678979,0.1830907214211948,0.9
bridge,OS,training_ground_mean_TPM,muscle_remodeling,True,0.13430820474043992,0.16603724849752174,0.35
bridge,OS,training_all_mean_TPM,mitochondrial_expression,False,-0.10511609095495551,0.16705758159726733,0.3
bridge,OS,training_all_mean_TPM,mitochondrial_expression,True,-0.36290731676482807,0.19875908378670223,0.7
bridge,OS,training_all_mean_TPM,dna_repair,False,-0.12883429183269374,0.18395778010047548,0.45
bridge,OS,training_all_mean_TPM,dna_repair,True,-0.17278790359538718,0.10309706164074822,0.6
bridge,OS,training_all_mean_TPM,oxidative_stress,False,0.027997833655717796,0.0324809512944739,0.15
bridge,OS,training_all_mean_TPM,oxidative_stress,True,0.010976043053536435,-0.00033075373035753274,0.1
bridge,OS,training_all_mean_TPM,inflammatory_signaling,False,0.07207323737695029,0.13785205767131467,0.2
bridge,OS,training_all_mean_TPM,inflammatory_signaling,True,0.09330534904787174,0.09388269061537352,0.35
bridge,OS,training_all_mean_TPM,proteostasis,False,0.07217505709240865,0.11485952802494614,0.4
bridge,OS,training_all_mean_TPM,proteostasis,True,0.053928699266634794,0.12341124212078586,0.3
bridge,OS,training_all_mean_TPM,muscle_remodeling,False,0.5838382183175478,0.19885346922292985,0.9
bridge,OS,training_all_mean_TPM,muscle_remodeling,True,0.1575639347626443,0.20317963789284477,0.4
expression,YA,training_ground_mean_TPM,mitochondrial_expression,False,0.2583002880867108,0.18725225135127124,1.0
expression,YA,training_ground_mean_TPM,mitochondrial_expression,True,0.20959852132774154,0.18328040902202142,0.75
expression,YA,training_ground_mean_TPM,dna_repair,False,0.12475629733491657,0.1567008473989162,0.15
expression,YA,training_ground_mean_TPM,dna_repair,True,0.122658351038332,0.14217519456643396,0.2
expression,YA,training_ground_mean_TPM,oxidative_stress,False,0.039565545504215066,0.04638576513964539,0.25
expression,YA,training_ground_mean_TPM,oxidative_stress,True,0.03643798423272197,0.042166032937057396,0.25
expression,YA,training_ground_mean_TPM,inflammatory_signaling,False,0.03431481871034703,0.17383933109505162,0.0
expression,YA,training_ground_mean_TPM,inflammatory_signaling,True,0.032238168184811344,0.18095078156183791,0.0
expression,YA,training_ground_mean_TPM,proteostasis,False,0.1118214852224804,0.09868656378397958,0.65
expression,YA,training_ground_mean_TPM,proteostasis,True,0.10345987118240166,0.10372796518702881,0.5
expression,YA,training_ground_mean_TPM,muscle_remodeling,False,0.2213688609731506,0.20935959752289662,0.7
expression,YA,training_ground_mean_TPM,muscle_remodeling,True,0.2072860758749282,0.22106214055716805,0.45
expression,YA,training_all_mean_TPM,mitochondrial_expression,False,0.25830028808669653,0.18725225135126056,1.0
expression,YA,training_all_mean_TPM,mitochondrial_expression,True,0.21385665676817914,0.18547628890804774,0.8
expression,YA,training_all_mean_TPM,dna_repair,False,0.12475629733491417,0.15670084739891021,0.15
expression,YA,training_all_mean_TPM,dna_repair,True,0.12336174045875473,0.14100772679842297,0.2
expression,YA,training_all_mean_TPM,oxidative_stress,False,0.03956554550420313,0.046385765139640614,0.25
expression,YA,training_all_mean_TPM,oxidative_stress,True,0.03671138017656487,0.04244119628579065,0.25
expression,YA,training_all_mean_TPM,inflammatory_signaling,False,0.03431481871034241,0.17383933109505392,0.0
expression,YA,training_all_mean_TPM,inflammatory_signaling,True,0.03188762575332518,0.18097068094659355,0.0
expression,YA,training_all_mean_TPM,proteostasis,False,0.11182148522248281,0.09868656378397837,0.65
expression,YA,training_all_mean_TPM,proteostasis,True,0.10375357660245985,0.10438548000223226,0.5
expression,YA,training_all_mean_TPM,muscle_remodeling,False,0.22136886097315286,0.209359597522899,0.7
expression,YA,training_all_mean_TPM,muscle_remodeling,True,0.21388251091757843,0.21978464787852064,0.5
expression,OS,training_ground_mean_TPM,mitochondrial_expression,False,0.2244349506981489,0.15305856061700973,1.0
expression,OS,training_ground_mean_TPM,mitochondrial_expression,True,0.06654056451530249,0.16085833568078084,0.1
expression,OS,training_ground_mean_TPM,dna_repair,False,0.11352952572877939,0.11002272783397868,0.6
expression,OS,training_ground_mean_TPM,dna_repair,True,0.08596732460772218,0.077204001992347,0.6
expression,OS,training_ground_mean_TPM,oxidative_stress,False,0.04280306702213926,0.031111044292681318,0.9
expression,OS,training_ground_mean_TPM,oxidative_stress,True,0.03179274954479653,0.016012234955778564,0.9
expression,OS,training_ground_mean_TPM,inflammatory_signaling,False,0.1244856724301163,0.12161353701140362,0.55
expression,OS,training_ground_mean_TPM,inflammatory_signaling,True,0.1336678958042511,0.12275071906758228,0.55
expression,OS,training_ground_mean_TPM,proteostasis,False,0.05787961582635616,0.08792254211149715,0.0
expression,OS,training_ground_mean_TPM,proteostasis,True,0.04437380532831506,0.08276860255739868,0.15
expression,OS,training_ground_mean_TPM,muscle_remodeling,False,0.17332889363432002,0.17803688671362988,0.3
expression,OS,training_ground_mean_TPM,muscle_remodeling,True,-0.10746471437974014,0.1942729382165022,0.1
expression,OS,training_all_mean_TPM,mitochondrial_expression,False,0.22443495069817243,0.15305856061700257,1.0
expression,OS,training_all_mean_TPM,mitochondrial_expression,True,0.06958881398380844,0.15704652822695667,0.1
expression,OS,training_all_mean_TPM,dna_repair,False,0.11352952572877466,0.11002272783396916,0.6
expression,OS,training_all_mean_TPM,dna_repair,True,0.08613727305836956,0.07909374317621122,0.6
expression,OS,training_all_mean_TPM,oxidative_stress,False,0.04280306702214879,0.03111104429266475,0.9
expression,OS,training_all_mean_TPM,oxidative_stress,True,0.0320113302783085,0.01612919449143383,0.9
expression,OS,training_all_mean_TPM,inflammatory_signaling,False,0.12448567243012566,0.12161353701139176,0.55
expression,OS,training_all_mean_TPM,inflammatory_signaling,True,0.1340275552892933,0.12268561339362088,0.55
expression,OS,training_all_mean_TPM,proteostasis,False,0.057879615826365666,0.08792254211150896,0.0
expression,OS,training_all_mean_TPM,proteostasis,True,0.0449933366732911,0.08333718461484323,0.15
expression,OS,training_all_mean_TPM,muscle_remodeling,False,0.1733288936343247,0.17803688671362983,0.3
expression,OS,training_all_mean_TPM,muscle_remodeling,True,-0.10464088277534722,0.19466866634986474,0.1
