id,study,group,label,route,probe_source,metric,flight_training_pool,concept_displacement,flight_score_delta,projected_component,residual_component,projection_is_not_biological_intervention
GSE234465:GSM7469191|original,GSE234465,YA,0,original,ncbi,raw,YA,-0.05479831720848452,35.80742390266062,1.6065491452393879,34.20087475742123,True
GSE234465:GSM7469192|original,GSE234465,YA,0,original,ncbi,raw,YA,-0.04812576798633098,38.89725192118915,1.4109267466786024,37.48632517451055,True
GSE234465:GSM7469193|original,GSE234465,YA,0,original,ncbi,raw,YA,-0.049776772974606205,35.75232488358043,1.4593300697698603,34.292994813810566,True
GSE234465:GSM7469194|original,GSE234465,OS,0,original,ncbi,raw,YA,-0.05584988989144009,42.19520982934491,1.6373786174024088,40.5578312119425,True
GSE234465:GSM7469195|original,GSE234465,OS,0,original,ncbi,raw,YA,-0.05714507370152981,42.45711893728458,1.675350156475608,40.78176878080897,True
GSE234465:GSM7469196|original,GSE234465,OS,0,original,ncbi,raw,YA,-0.05738898537663608,41.9373317042015,1.6825010346981095,40.25483066950339,True
GSE234465:GSM7469197|original,GSE234465,YA,1,original,ncbi,raw,YA,-0.04851283426167328,32.769705040025805,1.4222745585363337,31.34743048148947,True
GSE234465:GSM7469198|original,GSE234465,YA,1,original,ncbi,raw,YA,-0.051829226289868115,35.53186246684568,1.519502850381584,34.012359616464096,True
GSE234465:GSM7469199|original,GSE234465,YA,1,original,ncbi,raw,YA,-0.027351776028156444,24.82595267957709,0.8018854343945128,24.024067245182575,True
GSE234465:GSM7469200|original,GSE234465,OS,1,original,ncbi,raw,YA,-0.04288403137331487,34.60839091225338,1.2572521832212562,33.35113872903212,True
GSE234465:GSM7469201|original,GSE234465,OS,1,original,ncbi,raw,YA,-0.03699316273256262,31.31759973229237,1.08454669769491,30.233053034597457,True
GSE234465:GSM7469202|original,GSE234465,OS,1,original,ncbi,raw,YA,-0.03902772707182242,29.56555678051615,1.1441950184222898,28.42136176209386,True
GSE298393:GSM9013398|original,GSE298393,OS,0,original,ncbi,raw,YA,0.002051477233731186,-1.5543653667272086,-0.060144164350700295,-1.4942212023765082,True
GSE298393:GSM9013399|original,GSE298393,OS,0,original,ncbi,raw,YA,0.005603232128454894,-1.5716754473220897,-0.16427270480403203,-1.4074027425180577,True
GSE298393:GSM9013400|original,GSE298393,OS,0,original,ncbi,raw,YA,0.0023055665643344977,-0.17977099499554045,-0.0675934258917462,-0.11217756910379424,True
GSE298393:GSM9013410|original,GSE298393,OS,1,original,ncbi,raw,YA,-0.015097513158326593,11.780650945069876,0.44262119888591345,11.338029746183963,True
GSE298393:GSM9013411|original,GSE298393,OS,1,original,ncbi,raw,YA,-0.014222573069155491,10.330547574778606,0.41697015111658753,9.91357742366202,True
GSE298393:GSM9013412|original,GSE298393,OS,1,original,ncbi,raw,YA,-0.021206772016826275,11.063182190816038,0.6217293375506018,10.441452853265437,True
GSE234465:GSM7469191|harmonized,GSE234465,YA,0,harmonized,ncbi,raw,YA,-0.03325432222670094,18.48463729207826,0.9749332766107228,17.509704015467538,True
GSE234465:GSM7469192|harmonized,GSE234465,YA,0,harmonized,ncbi,raw,YA,-0.023475918658056583,20.171721512594807,0.6882550226920232,19.483466489902785,True
GSE234465:GSM7469193|harmonized,GSE234465,YA,0,harmonized,ncbi,raw,YA,-0.0255084240308156,17.396270186552247,0.7478429796885363,16.648427206863712,True
GSE234465:GSM7469194|harmonized,GSE234465,OS,0,harmonized,ncbi,raw,YA,-0.02943127472056297,22.848842898613476,0.8628511175942674,21.98599178101921,True
GSE234465:GSM7469195|harmonized,GSE234465,OS,0,harmonized,ncbi,raw,YA,-0.029109720005828565,22.780443646819215,0.8534239402935697,21.927019706525645,True
GSE234465:GSM7469196|harmonized,GSE234465,OS,0,harmonized,ncbi,raw,YA,-0.024450686681216766,20.847741836352245,0.7168327749696463,20.1309090613826,True
GSE234465:GSM7469197|harmonized,GSE234465,YA,1,harmonized,ncbi,raw,YA,-0.023581070780808632,14.415001119170766,0.6913378190539023,13.723663300116863,True
GSE234465:GSM7469198|harmonized,GSE234465,YA,1,harmonized,ncbi,raw,YA,-0.02664559179423445,17.021948326306646,0.7811818848115476,16.240766441495097,True
GSE234465:GSM7469199|harmonized,GSE234465,YA,1,harmonized,ncbi,raw,YA,-0.003249829083181727,6.346858456654983,0.09527683333588442,6.251581623319099,True
GSE234465:GSM7469200|harmonized,GSE234465,OS,1,harmonized,ncbi,raw,YA,-0.015628628946396533,14.5416805156454,0.458192180967363,14.083488334678037,True
GSE234465:GSM7469201|harmonized,GSE234465,OS,1,harmonized,ncbi,raw,YA,-0.01261387757603373,12.54798716489406,0.36980723624837214,12.178179928645688,True
GSE234465:GSM7469202|harmonized,GSE234465,OS,1,harmonized,ncbi,raw,YA,-0.013564135590594493,10.417294011681511,0.397666416581251,10.01962759510026,True
GSE298393:GSM9013398|harmonized,GSE298393,OS,0,harmonized,ncbi,raw,YA,0.002051477233731186,-1.5543653667272086,-0.060144164350700295,-1.4942212023765082,True
GSE298393:GSM9013399|harmonized,GSE298393,OS,0,harmonized,ncbi,raw,YA,0.005603232128454894,-1.5716754473220897,-0.16427270480403203,-1.4074027425180577,True
GSE298393:GSM9013400|harmonized,GSE298393,OS,0,harmonized,ncbi,raw,YA,0.0023055665643344977,-0.17977099499554045,-0.0675934258917462,-0.11217756910379424,True
GSE298393:GSM9013410|harmonized,GSE298393,OS,1,harmonized,ncbi,raw,YA,-0.015097513158326593,11.780650945069876,0.44262119888591345,11.338029746183963,True
GSE298393:GSM9013411|harmonized,GSE298393,OS,1,harmonized,ncbi,raw,YA,-0.014222573069155491,10.330547574778606,0.41697015111658753,9.91357742366202,True
GSE298393:GSM9013412|harmonized,GSE298393,OS,1,harmonized,ncbi,raw,YA,-0.021206772016826275,11.063182190816038,0.6217293375506018,10.441452853265437,True
GSE200335:GSM6031437|harmonized,GSE200335,AT24,0,harmonized,ncbi,raw,YA,-0.01975718941515208,30.293648380361777,0.5792312133689164,29.71441716699286,True
GSE200335:GSM6031438|harmonized,GSE200335,AT24,1,harmonized,ncbi,raw,YA,-0.010676269509785436,26.8946857351064,0.31300143013580467,26.581684304970594,True
GSE200335:GSM6031439|harmonized,GSE200335,AT7,0,harmonized,ncbi,raw,YA,0.018249204583831544,2.5485536090608045,-0.5350208823732618,3.0835744914340664,True
GSE200335:GSM6031440|harmonized,GSE200335,AT7,1,harmonized,ncbi,raw,YA,0.02979513636281562,-1.3119821071458175,-0.8735186278413866,-0.43846347930443097,True
GSE200335:GSM6031441|harmonized,GSE200335,AT8,0,harmonized,ncbi,raw,YA,0.00986428940869867,19.03903798635328,-0.2891962112202435,19.328234197573522,True
GSE200335:GSM6031442|harmonized,GSE200335,AT8,1,harmonized,ncbi,raw,YA,0.0204550017169331,15.901750359462707,-0.5996893189107093,16.501439678373416,True
GSE200335:GSM6031443|harmonized,GSE200335,AT10,0,harmonized,ncbi,raw,YA,0.019403256696976536,-3.431175585850178,-0.5688547942592956,-2.862320791590882,True
GSE200335:GSM6031444|harmonized,GSE200335,AT10,1,harmonized,ncbi,raw,YA,0.03537578148137082,-7.753955458087717,-1.0371291381968224,-6.716826319890894,True
GSE200335:GSM6031445|harmonized,GSE200335,AT18,0,harmonized,ncbi,raw,YA,0.016328482015948817,13.716053371027309,-0.4787101166989424,14.19476348772625,True
GSE200335:GSM6031446|harmonized,GSE200335,AT18,1,harmonized,ncbi,raw,YA,0.04232830054243247,6.223862287585934,-1.2409595498555175,7.464821837441452,True
GSE200335:GSM6031447|harmonized,GSE200335,AT21,0,harmonized,ncbi,raw,YA,0.015117071636461208,16.417521542401357,-0.4431946043831991,16.860716146784554,True
GSE200335:GSM6031448|harmonized,GSE200335,AT21,1,harmonized,ncbi,raw,YA,0.008057702688647425,20.044440718871268,-0.23623162218264845,20.280672341053915,True
GSE200335:GSM6031449|harmonized,GSE200335,AT22,0,harmonized,ncbi,raw,YA,0.022522064649685605,0.7761659563096575,-0.6602904168447055,1.436456373154363,True
GSE200335:GSM6031450|harmonized,GSE200335,AT22,1,harmonized,ncbi,raw,YA,0.03645435928485809,-1.9714710446723174,-1.068750332725007,-0.9027207119473104,True
GSE234465:GSM7469191|original,GSE234465,YA,0,original,ncbi,raw,OS,-0.05811840918399139,33.99431153545548,2.0468867926406116,31.947424742814867,True
GSE234465:GSM7469192|original,GSE234465,YA,0,original,ncbi,raw,OS,-0.05144585996183784,35.90867387060085,1.81188461230164,34.09678925829921,True
GSE234465:GSM7469193|original,GSE234465,YA,0,original,ncbi,raw,OS,-0.053096864950113065,33.18846267478615,1.8700317700186682,31.318430904767485,True
GSE234465:GSM7469194|original,GSE234465,OS,0,original,ncbi,raw,OS,-0.05916998186694695,40.14532830396739,2.083922394035501,38.061405909931885,True
GSE234465:GSM7469195|original,GSE234465,OS,0,original,ncbi,raw,OS,-0.060465165677036685,39.927977934150334,2.129537796661574,37.79844013748876,True
GSE234465:GSM7469196|original,GSE234465,OS,0,original,ncbi,raw,OS,-0.06070907735214295,40.650494500989865,2.138128182966975,38.51236631802289,True
GSE234465:GSM7469197|original,GSE234465,YA,1,original,ncbi,raw,OS,-0.05183292623718014,30.011262143567194,1.8255167962860044,28.18574534728119,True
GSE234465:GSM7469198|original,GSE234465,YA,1,original,ncbi,raw,OS,-0.055149318265374975,33.76705732498957,1.9423176367949087,31.824739688194665,True
GSE234465:GSM7469199|original,GSE234465,YA,1,original,ncbi,raw,OS,-0.03067186800366331,22.718516930998277,1.0802401924588076,21.63827673853947,True
GSE234465:GSM7469200|original,GSE234465,OS,1,original,ncbi,raw,OS,-0.04620412334882173,32.28587712645728,1.6272745791929093,30.65860254726437,True
GSE234465:GSM7469201|original,GSE234465,OS,1,original,ncbi,raw,OS,-0.040313254708069485,28.104752264439732,1.419802602804783,26.68494966163495,True
GSE234465:GSM7469202|original,GSE234465,OS,1,original,ncbi,raw,OS,-0.04234781904732929,26.36635846220951,1.4914584332598873,24.874900028949625,True
GSE298393:GSM9013395|original,GSE298393,YA,0,original,ncbi,raw,OS,-0.006927946761222997,5.698449270527352,0.24399709016073184,5.45445218036662,True
GSE298393:GSM9013396|original,GSE298393,YA,0,original,ncbi,raw,OS,-0.00015704949394788003,5.5169763923390605,0.005531165416711949,5.511445226922349,True
GSE298393:GSM9013397|original,GSE298393,YA,0,original,ncbi,raw,OS,-0.002875279671349832,2.453489198391219,0.10126519405928827,2.3522240043319305,True
GSE298393:GSM9013404|original,GSE298393,YA,1,original,ncbi,raw,OS,-0.01690892137392736,14.270063455519889,0.5955195320043946,13.674543923515495,True
GSE298393:GSM9013405|original,GSE298393,YA,1,original,ncbi,raw,OS,-0.016794313259908256,12.753670722505122,0.5914831201650325,12.16218760234009,True
GSE298393:GSM9013406|original,GSE298393,YA,1,original,ncbi,raw,OS,-0.01753970142481274,16.89911822443636,0.6177351324199354,16.281383092016426,True
GSE234465:GSM7469191|harmonized,GSE234465,YA,0,harmonized,ncbi,raw,OS,-0.036574414202207806,22.83005886766733,1.2881234436762152,21.541935423991113,True
GSE234465:GSM7469192|harmonized,GSE234465,YA,0,harmonized,ncbi,raw,OS,-0.026796010633563447,23.366199313566483,0.9437354021108736,22.42246391145561,True
GSE234465:GSM7469193|harmonized,GSE234465,YA,0,harmonized,ncbi,raw,OS,-0.028828516006322462,20.458531485519675,1.0153187173096911,19.443212768209985,True
GSE234465:GSM7469194|harmonized,GSE234465,OS,0,harmonized,ncbi,raw,OS,-0.03275136669606984,26.149666749107322,1.1534785771386964,24.996188171968626,True
GSE234465:GSM7469195|harmonized,GSE234465,OS,0,harmonized,ncbi,raw,OS,-0.03242981198133543,25.51963294338716,1.1421536611965293,24.377479282190627,True
GSE234465:GSM7469196|harmonized,GSE234465,OS,0,harmonized,ncbi,raw,OS,-0.027770778656723637,24.660788003642086,0.9780660009780665,23.68272200266402,True
GSE234465:GSM7469197|harmonized,GSE234465,YA,1,harmonized,ncbi,raw,OS,-0.026901162756315496,17.06478386853074,0.9474387810281785,16.11734508750256,True
GSE234465:GSM7469198|harmonized,GSE234465,YA,1,harmonized,ncbi,raw,OS,-0.029965683769741312,20.112405532075318,1.0553689132568964,19.057036618818422,True
GSE234465:GSM7469199|harmonized,GSE234465,YA,1,harmonized,ncbi,raw,OS,-0.00656992105868859,9.631563534955248,0.23138769337522222,9.400175841580026,True
GSE234465:GSM7469200|harmonized,GSE234465,OS,1,harmonized,ncbi,raw,OS,-0.018948720921903396,17.71857668970298,0.6673597425849777,17.051216947118004,True
GSE234465:GSM7469201|harmonized,GSE234465,OS,1,harmonized,ncbi,raw,OS,-0.015933969551540594,14.939440102416196,0.5611824598662594,14.378257642549936,True
GSE234465:GSM7469202|harmonized,GSE234465,OS,1,harmonized,ncbi,raw,OS,-0.01688422756610136,12.842258269277883,0.5946498346088751,12.247608434669008,True
GSE298393:GSM9013395|harmonized,GSE298393,YA,0,harmonized,ncbi,raw,OS,-0.006927946761222997,5.698449270527352,0.24399709016073184,5.45445218036662,True
GSE298393:GSM9013396|harmonized,GSE298393,YA,0,harmonized,ncbi,raw,OS,-0.00015704949394788003,5.5169763923390605,0.005531165416711949,5.511445226922349,True
GSE298393:GSM9013397|harmonized,GSE298393,YA,0,harmonized,ncbi,raw,OS,-0.002875279671349832,2.453489198391219,0.10126519405928827,2.3522240043319305,True
GSE298393:GSM9013404|harmonized,GSE298393,YA,1,harmonized,ncbi,raw,OS,-0.01690892137392736,14.270063455519889,0.5955195320043946,13.674543923515495,True
GSE298393:GSM9013405|harmonized,GSE298393,YA,1,harmonized,ncbi,raw,OS,-0.016794313259908256,12.753670722505122,0.5914831201650325,12.16218760234009,True
GSE298393:GSM9013406|harmonized,GSE298393,YA,1,harmonized,ncbi,raw,OS,-0.01753970142481274,16.89911822443636,0.6177351324199354,16.281383092016426,True
GSE200335:GSM6031437|harmonized,GSE200335,AT24,0,harmonized,ncbi,raw,OS,-0.02307728139065894,36.923843743348016,0.8127645465836664,36.11107919676435,True
GSE200335:GSM6031438|harmonized,GSE200335,AT24,1,harmonized,ncbi,raw,OS,-0.013996361485292298,34.33372683775576,0.492941356646077,33.840785481109684,True
GSE200335:GSM6031439|harmonized,GSE200335,AT7,0,harmonized,ncbi,raw,OS,0.014929112608324673,9.411371688209135,-0.5257921517962231,9.937163840005358,True
GSE200335:GSM6031440|harmonized,GSE200335,AT7,1,harmonized,ncbi,raw,OS,0.026475044387308758,8.161636994801583,-0.9324312115873119,9.094068206388895,True
GSE200335:GSM6031441|harmonized,GSE200335,AT8,0,harmonized,ncbi,raw,OS,0.006544197433191804,26.165329361308622,-0.2304817265735241,26.395811087882144,True
GSE200335:GSM6031442|harmonized,GSE200335,AT8,1,harmonized,ncbi,raw,OS,0.017134909741426233,23.20507037570752,-0.603478672855264,23.808549048562785,True
GSE200335:GSM6031443|harmonized,GSE200335,AT10,0,harmonized,ncbi,raw,OS,0.016083164721469673,7.0608041541846465,-0.5664370018804225,7.627241156065069,True
GSE200335:GSM6031444|harmonized,GSE200335,AT10,1,harmonized,ncbi,raw,OS,0.03205568950586396,3.6075216747420003,-1.1289773481379899,4.73649902287999,True
GSE200335:GSM6031445|harmonized,GSE200335,AT18,0,harmonized,ncbi,raw,OS,0.013008390040441953,20.168427175532955,-0.45814574316725415,20.62657291870021,True
GSE200335:GSM6031446|harmonized,GSE200335,AT18,1,harmonized,ncbi,raw,OS,0.03900820856692561,13.16793512353507,-1.3738398562740368,14.541774979809107,True
GSE200335:GSM6031447|harmonized,GSE200335,AT21,0,harmonized,ncbi,raw,OS,0.011796979660954342,24.042534350334385,-0.41548077795131105,24.458015128285698,True
GSE200335:GSM6031448|harmonized,GSE200335,AT21,1,harmonized,ncbi,raw,OS,0.004737610713140561,28.1133254236762,-0.16685509692290754,28.28018052059911,True
GSE200335:GSM6031449|harmonized,GSE200335,AT22,0,harmonized,ncbi,raw,OS,0.019201972674178745,9.539942222980638,-0.6762790794048211,10.21622130238546,True
GSE200335:GSM6031450|harmonized,GSE200335,AT22,1,harmonized,ncbi,raw,OS,0.03313426730935121,7.659065446489889,-1.1669640496288058,8.826029496118695,True
GSE234465:GSM7469191|original,GSE234465,YA,0,original,ncbi,probe_training_scaled,YA,-15.468104728057654,35.80742390266062,2.653435299633637,33.15398860302698,True
GSE234465:GSM7469192|original,GSE234465,YA,0,original,ncbi,probe_training_scaled,YA,-13.58462188717563,38.89725192118915,2.3303381947126143,36.566913726476535,True
GSE234465:GSM7469193|original,GSE234465,YA,0,original,ncbi,probe_training_scaled,YA,-14.050656600760462,35.75232488358043,2.410282892632689,33.34204199094774,True
GSE234465:GSM7469194|original,GSE234465,OS,0,original,ncbi,probe_training_scaled,YA,-15.764935675023354,42.19520982934491,2.7043543829052803,39.49085544643963,True
GSE234465:GSM7469195|original,GSE234465,OS,0,original,ncbi,probe_training_scaled,YA,-16.130531551632693,42.45711893728458,2.7670695649816004,39.69004937230298,True
GSE234465:GSM7469196|original,GSE234465,OS,0,original,ncbi,probe_training_scaled,YA,-16.19938131796011,41.9373317042015,2.77888021687183,39.15845148732967,True
GSE234465:GSM7469197|original,GSE234465,YA,1,original,ncbi,probe_training_scaled,YA,-13.69388038248517,32.769705040025805,2.349080655624023,30.420624384401783,True
GSE234465:GSM7469198|original,GSE234465,YA,1,original,ncbi,probe_training_scaled,YA,-14.630009479593113,35.53186246684568,2.509666456855037,33.022196009990644,True
GSE234465:GSM7469199|original,GSE234465,YA,1,original,ncbi,probe_training_scaled,YA,-7.720677525411206,24.82595267957709,1.3244232983407438,23.501529381236345,True
GSE234465:GSM7469200|original,GSE234465,OS,1,original,ncbi,probe_training_scaled,YA,-12.105019318750887,34.60839091225338,2.0765236677547407,32.531867244498635,True
GSE234465:GSM7469201|original,GSE234465,OS,1,original,ncbi,probe_training_scaled,YA,-10.442184076425637,31.31759973229237,1.791276974185533,29.526322758106836,True
GSE234465:GSM7469202|original,GSE234465,OS,1,original,ncbi,probe_training_scaled,YA,-11.016487374023422,29.56555678051615,1.8897943212899782,27.67576245922617,True
GSE298393:GSM9013398|original,GSE298393,OS,0,original,ncbi,probe_training_scaled,YA,0.5790773570263359,-1.5543653667272086,-0.09933630055950465,-1.4550290661677039,True
GSE298393:GSM9013399|original,GSE298393,OS,0,original,ncbi,probe_training_scaled,YA,1.5816431196018224,-1.5716754473220897,-0.27131880464718944,-1.3003566426749003,True
GSE298393:GSM9013400|original,GSE298393,OS,0,original,ncbi,probe_training_scaled,YA,0.6508000042948828,-0.17977099499554045,-0.11163977324677758,-0.06813122174876286,True
GSE298393:GSM9013410|original,GSE298393,OS,1,original,ncbi,probe_training_scaled,YA,-4.261625658644611,11.780650945069876,0.731049353186789,11.049601591883087,True
GSE298393:GSM9013411|original,GSE298393,OS,1,original,ncbi,probe_training_scaled,YA,-4.014653386146082,10.330547574778606,0.6886831449538153,9.64186442982479,True
GSE298393:GSM9013412|original,GSE298393,OS,1,original,ncbi,probe_training_scaled,YA,-5.986106639959409,11.063182190816038,1.0268709027440195,10.036311288072019,True
GSE234465:GSM7469191|harmonized,GSE234465,YA,0,harmonized,ncbi,probe_training_scaled,YA,-9.386809031127383,18.48463729207826,1.6102354407346227,16.874401851343638,True
GSE234465:GSM7469192|harmonized,GSE234465,YA,0,harmonized,ncbi,probe_training_scaled,YA,-6.626626270449746,20.171721512594807,1.1367471563336713,19.034974356261134,True
GSE234465:GSM7469193|harmonized,GSE234465,YA,0,harmonized,ncbi,probe_training_scaled,YA,-7.2003483766699805,17.396270186552247,1.235164804493472,16.161105382058775,True
GSE234465:GSM7469194|harmonized,GSE234465,OS,0,harmonized,ncbi,probe_training_scaled,YA,-8.307664593529111,22.848842898613476,1.4251164494639896,21.423726449149488,True
GSE234465:GSM7469195|harmonized,GSE234465,OS,0,harmonized,ncbi,probe_training_scaled,YA,-8.216898266081696,22.780443646819215,1.409546178800499,21.370897468018715,True
GSE234465:GSM7469196|harmonized,GSE234465,OS,0,harmonized,ncbi,probe_training_scaled,YA,-6.901777308581788,20.847741836352245,1.183947216725432,19.663794619626813,True
GSE234465:GSM7469197|harmonized,GSE234465,YA,1,harmonized,ncbi,probe_training_scaled,YA,-6.656307912696497,14.415001119170766,1.1418388155041554,13.273162303666611,True
GSE234465:GSM7469198|harmonized,GSE234465,YA,1,harmonized,ncbi,probe_training_scaled,YA,-7.521340533984082,17.021948326306646,1.290228558980331,15.731719767326314,True
GSE234465:GSM7469199|harmonized,GSE234465,YA,1,harmonized,ncbi,probe_training_scaled,YA,-0.9173401514446384,6.346858456654983,0.1573627010165791,6.189495755638404,True
GSE234465:GSM7469200|harmonized,GSE234465,OS,1,harmonized,ncbi,probe_training_scaled,YA,-4.411545492885775,14.5416805156454,0.7567669564280672,13.784913559217333,True
GSE234465:GSM7469201|harmonized,GSE234465,OS,1,harmonized,ncbi,probe_training_scaled,YA,-3.560561515614901,12.54798716489406,0.6107871506010925,11.937200014292968,True
GSE234465:GSM7469202|harmonized,GSE234465,OS,1,harmonized,ncbi,probe_training_scaled,YA,-3.828794031441613,10.417294011681511,0.6568003912997485,9.760493620381762,True
GSE298393:GSM9013398|harmonized,GSE298393,OS,0,harmonized,ncbi,probe_training_scaled,YA,0.5790773570263359,-1.5543653667272086,-0.09933630055950465,-1.4550290661677039,True
GSE298393:GSM9013399|harmonized,GSE298393,OS,0,harmonized,ncbi,probe_training_scaled,YA,1.5816431196018224,-1.5716754473220897,-0.27131880464718944,-1.3003566426749003,True
GSE298393:GSM9013400|harmonized,GSE298393,OS,0,harmonized,ncbi,probe_training_scaled,YA,0.6508000042948828,-0.17977099499554045,-0.11163977324677758,-0.06813122174876286,True
GSE298393:GSM9013410|harmonized,GSE298393,OS,1,harmonized,ncbi,probe_training_scaled,YA,-4.261625658644611,11.780650945069876,0.731049353186789,11.049601591883087,True
GSE298393:GSM9013411|harmonized,GSE298393,OS,1,harmonized,ncbi,probe_training_scaled,YA,-4.014653386146082,10.330547574778606,0.6886831449538153,9.64186442982479,True
GSE298393:GSM9013412|harmonized,GSE298393,OS,1,harmonized,ncbi,probe_training_scaled,YA,-5.986106639959409,11.063182190816038,1.0268709027440195,10.036311288072019,True
GSE200335:GSM6031437|harmonized,GSE200335,AT24,0,harmonized,ncbi,probe_training_scaled,YA,-5.576928098776123,30.293648380361777,0.9566794472220692,29.33696893313971,True
GSE200335:GSM6031438|harmonized,GSE200335,AT24,1,harmonized,ncbi,probe_training_scaled,YA,-3.013626390278289,26.8946857351064,0.5169646045495861,26.377721130556814,True
GSE200335:GSM6031439|harmonized,GSE200335,AT7,0,harmonized,ncbi,probe_training_scaled,YA,5.151264164417626,2.5485536090608045,-0.883660048332235,3.4322136573930395,True
GSE200335:GSM6031440|harmonized,GSE200335,AT7,1,harmonized,ncbi,probe_training_scaled,YA,8.410373039255168,-1.3119821071458175,-1.4427352993652112,0.13075319221939363,True
GSE200335:GSM6031441|harmonized,GSE200335,AT8,0,harmonized,ncbi,probe_training_scaled,YA,2.784426044710665,19.03903798635328,-0.4776470347303048,19.516685021083582,True
GSE200335:GSM6031442|harmonized,GSE200335,AT8,1,harmonized,ncbi,probe_training_scaled,YA,5.773901916848121,15.901750359462707,-0.9904688022312711,16.892219161693976,True
GSE200335:GSM6031443|harmonized,GSE200335,AT10,0,harmonized,ncbi,probe_training_scaled,YA,5.477022323739335,-3.431175585850178,-0.9395413740850923,-2.4916342117650854,True
GSE200335:GSM6031444|harmonized,GSE200335,AT10,1,harmonized,ncbi,probe_training_scaled,YA,9.985640447842128,-7.753955458087717,-1.7129603994529525,-6.040995058634764,True
GSE200335:GSM6031445|harmonized,GSE200335,AT18,0,harmonized,ncbi,probe_training_scaled,YA,4.6090953653189235,13.716053371027309,-0.7906551291659603,14.50670850019327,True
GSE200335:GSM6031446|harmonized,GSE200335,AT18,1,harmonized,ncbi,probe_training_scaled,YA,11.948151313844923,6.223862287585934,-2.049614158870593,8.273476446456527,True
GSE200335:GSM6031447|harmonized,GSE200335,AT21,0,harmonized,ncbi,probe_training_scaled,YA,4.267146495843985,16.417521542401357,-0.7319964106683546,17.14951795306971,True
GSE200335:GSM6031448|harmonized,GSE200335,AT21,1,harmonized,ncbi,probe_training_scaled,YA,2.2744747540578176,20.044440718871268,-0.39016878322496273,20.43460950209623,True
GSE200335:GSM6031449|harmonized,GSE200335,AT22,0,harmonized,ncbi,probe_training_scaled,YA,6.357378701393456,0.7761659563096575,-1.0905597910012788,1.8667257473109362,True
GSE200335:GSM6031450|harmonized,GSE200335,AT22,1,harmonized,ncbi,probe_training_scaled,YA,10.290094220723972,-1.9714710446723174,-1.7651871203262581,-0.20628392434605924,True
GSE234465:GSM7469191|original,GSE234465,YA,0,original,ncbi,probe_training_scaled,OS,-16.405278221698666,33.99431153545548,3.540816659161196,30.453494876294286,True
GSE234465:GSM7469192|original,GSE234465,YA,0,original,ncbi,probe_training_scaled,OS,-14.521795380816645,35.90867387060085,3.134297042113898,32.77437682848695,True
GSE234465:GSM7469193|original,GSE234465,YA,0,original,ncbi,probe_training_scaled,OS,-14.987830094401478,33.18846267478615,3.2348831739251835,29.953579500860968,True
GSE234465:GSM7469194|original,GSE234465,OS,0,original,ncbi,probe_training_scaled,OS,-16.70210916866437,40.14532830396739,3.6048828668638246,36.540445437103564,True
GSE234465:GSM7469195|original,GSE234465,OS,0,original,ncbi,probe_training_scaled,OS,-17.06770504527371,39.927977934150334,3.6837908837182285,36.2441870504321,True
GSE234465:GSM7469196|original,GSE234465,OS,0,original,ncbi,probe_training_scaled,OS,-17.136554811601123,40.650494500989865,3.6986510035099807,36.951843497479885,True
GSE234465:GSM7469197|original,GSE234465,YA,1,original,ncbi,probe_training_scaled,OS,-14.631053876126185,30.011262143567194,3.157878739121341,26.853383404445854,True
GSE234465:GSM7469198|original,GSE234465,YA,1,original,ncbi,probe_training_scaled,OS,-15.567182973234127,33.76705732498957,3.3599272175056423,30.40713010748393,True
GSE234465:GSM7469199|original,GSE234465,YA,1,original,ncbi,probe_training_scaled,OS,-8.657851019052224,22.718516930998277,1.8686585321209885,20.849858398877288,True
GSE234465:GSM7469200|original,GSE234465,OS,1,original,ncbi,probe_training_scaled,OS,-13.042192812391903,32.28587712645728,2.8149485158398004,29.470928610617477,True
GSE234465:GSM7469201|original,GSE234465,OS,1,original,ncbi,probe_training_scaled,OS,-11.379357570066652,28.104752264439732,2.4560521504201622,25.64870011401957,True
GSE234465:GSM7469202|original,GSE234465,OS,1,original,ncbi,probe_training_scaled,OS,-11.953660867664437,26.36635846220951,2.5800063227337904,23.78635213947572,True
GSE298393:GSM9013395|original,GSE298393,YA,0,original,ncbi,probe_training_scaled,OS,-1.955574760540512,5.698449270527352,0.422079503729382,5.27636976679797,True
GSE298393:GSM9013396|original,GSE298393,YA,0,original,ncbi,probe_training_scaled,OS,-0.04433088721742956,5.5169763923390605,0.009568112277867706,5.507408280061193,True
GSE298393:GSM9013397|original,GSE298393,YA,0,original,ncbi,probe_training_scaled,OS,-0.8116148331651366,2.453489198391219,0.17517406795895768,2.278315130432261,True
GSE298393:GSM9013404|original,GSE298393,YA,1,original,ncbi,probe_training_scaled,OS,-4.772937929011894,14.270063455519889,1.0301622382627138,13.239901217257176,True
GSE298393:GSM9013405|original,GSE298393,YA,1,original,ncbi,probe_training_scaled,OS,-4.740587112405828,12.753670722505122,1.023179832427943,11.73049089007718,True
GSE298393:GSM9013406|original,GSE298393,YA,1,original,ncbi,probe_training_scaled,OS,-4.950990328875623,16.89911822443636,1.0685919981924934,15.830526226243867,True
GSE234465:GSM7469191|harmonized,GSE234465,YA,0,harmonized,ncbi,probe_training_scaled,OS,-10.323982524768399,22.83005886766733,2.228266343221086,20.601792524446243,True
GSE234465:GSM7469192|harmonized,GSE234465,YA,0,harmonized,ncbi,probe_training_scaled,OS,-7.563799764090762,23.366199313566483,1.6325250842639458,21.733674229302537,True
GSE234465:GSM7469193|harmonized,GSE234465,YA,0,harmonized,ncbi,probe_training_scaled,OS,-8.137521870310996,20.458531485519675,1.7563538157234793,18.702177669796196,True
GSE234465:GSM7469194|harmonized,GSE234465,OS,0,harmonized,ncbi,probe_training_scaled,OS,-9.244838087170127,26.149666749107322,1.9953502932369334,24.15431645587039,True
GSE234465:GSM7469195|harmonized,GSE234465,OS,0,harmonized,ncbi,probe_training_scaled,OS,-9.154071759722711,25.51963294338716,1.9757598346068808,23.54387310878028,True
GSE234465:GSM7469196|harmonized,GSE234465,OS,0,harmonized,ncbi,probe_training_scaled,OS,-7.8389508022228025,24.660788003642086,1.6919120307355278,22.96887597290656,True
GSE234465:GSM7469197|harmonized,GSE234465,YA,1,harmonized,ncbi,probe_training_scaled,OS,-7.593481406337512,17.06478386853074,1.6389313915461685,15.42585247698457,True
GSE234465:GSM7469198|harmonized,GSE234465,YA,1,harmonized,ncbi,probe_training_scaled,OS,-8.458514027625096,20.112405532075318,1.8256348338640038,18.286770698211313,True
GSE234465:GSM7469199|harmonized,GSE234465,YA,1,harmonized,ncbi,probe_training_scaled,OS,-1.8545136450856536,9.631563534955248,0.40026707992527516,9.231296455029973,True
GSE234465:GSM7469200|harmonized,GSE234465,OS,1,harmonized,ncbi,probe_training_scaled,OS,-5.34871898652679,17.71857668970298,1.1544353613958305,16.56414132830715,True
GSE234465:GSM7469201|harmonized,GSE234465,OS,1,harmonized,ncbi,probe_training_scaled,OS,-4.4977350092559165,14.939440102416196,0.9707640939732188,13.968676008442976,True
GSE234465:GSM7469202|harmonized,GSE234465,OS,1,harmonized,ncbi,probe_training_scaled,OS,-4.765967525082628,12.842258269277883,1.0286577881692565,11.813600481108626,True
GSE298393:GSM9013395|harmonized,GSE298393,YA,0,harmonized,ncbi,probe_training_scaled,OS,-1.955574760540512,5.698449270527352,0.422079503729382,5.27636976679797,True
GSE298393:GSM9013396|harmonized,GSE298393,YA,0,harmonized,ncbi,probe_training_scaled,OS,-0.04433088721742956,5.5169763923390605,0.009568112277867706,5.507408280061193,True
GSE298393:GSM9013397|harmonized,GSE298393,YA,0,harmonized,ncbi,probe_training_scaled,OS,-0.8116148331651366,2.453489198391219,0.17517406795895768,2.278315130432261,True
GSE298393:GSM9013404|harmonized,GSE298393,YA,1,harmonized,ncbi,probe_training_scaled,OS,-4.772937929011894,14.270063455519889,1.0301622382627138,13.239901217257176,True
GSE298393:GSM9013405|harmonized,GSE298393,YA,1,harmonized,ncbi,probe_training_scaled,OS,-4.740587112405828,12.753670722505122,1.023179832427943,11.73049089007718,True
GSE298393:GSM9013406|harmonized,GSE298393,YA,1,harmonized,ncbi,probe_training_scaled,OS,-4.950990328875623,16.89911822443636,1.0685919981924934,15.830526226243867,True
GSE200335:GSM6031437|harmonized,GSE200335,AT24,0,harmonized,ncbi,probe_training_scaled,OS,-6.514101592417138,36.923843743348016,1.4059645393512143,35.5178792039968,True
GSE200335:GSM6031438|harmonized,GSE200335,AT24,1,harmonized,ncbi,probe_training_scaled,OS,-3.950799883919304,34.33372683775576,0.8527169034835855,33.48100993427218,True
GSE200335:GSM6031439|harmonized,GSE200335,AT7,0,harmonized,ncbi,probe_training_scaled,OS,4.21409067077661,9.411371688209135,-0.9095440045976,10.320915692806736,True
GSE200335:GSM6031440|harmonized,GSE200335,AT7,1,harmonized,ncbi,probe_training_scaled,OS,7.473199545614153,8.161636994801583,-1.612970477595873,9.774607472397456,True
GSE200335:GSM6031441|harmonized,GSE200335,AT8,0,harmonized,ncbi,probe_training_scaled,OS,1.84725255106965,26.165329361308622,-0.3986998890304816,26.564029250339104,True
GSE200335:GSM6031442|harmonized,GSE200335,AT8,1,harmonized,ncbi,probe_training_scaled,OS,4.8367284232071075,23.20507037570752,-1.0439303951625942,24.249000770870115,True
GSE200335:GSM6031443|harmonized,GSE200335,AT10,0,harmonized,ncbi,probe_training_scaled,OS,4.539848830098318,7.0608041541846465,-0.9798536879687948,8.040657842153442,True
GSE200335:GSM6031444|harmonized,GSE200335,AT10,1,harmonized,ncbi,probe_training_scaled,OS,9.048466954201114,3.6075216747420003,-1.9529667280453735,5.5604884027873736,True
GSE200335:GSM6031445|harmonized,GSE200335,AT18,0,harmonized,ncbi,probe_training_scaled,OS,3.6719218716779096,20.168427175532955,-0.7925255493185573,20.960952724851513,True
GSE200335:GSM6031446|harmonized,GSE200335,AT18,1,harmonized,ncbi,probe_training_scaled,OS,11.010977820203907,13.16793512353507,-2.3765432790932253,15.544478402628295,True
GSE200335:GSM6031447|harmonized,GSE200335,AT21,0,harmonized,ncbi,probe_training_scaled,OS,3.3299730022029674,24.042534350334385,-0.7187213603705905,24.761255710704976,True
GSE200335:GSM6031448|harmonized,GSE200335,AT21,1,harmonized,ncbi,probe_training_scaled,OS,1.337301260416802,28.1133254236762,-0.28863506715406273,28.401960490830263,True
GSE200335:GSM6031449|harmonized,GSE200335,AT22,0,harmonized,ncbi,probe_training_scaled,OS,5.420205207752442,9.539942222980638,-1.1698645177682887,10.709806740748927,True
GSE200335:GSM6031450|harmonized,GSE200335,AT22,1,harmonized,ncbi,probe_training_scaled,OS,9.352920727082957,7.659065446489889,-2.01867820068219,9.677743647172079,True
GSE234465:GSM7469191|original,GSE234465,YA,0,original,original,raw,YA,-0.07269810926932331,35.80742390266062,3.4953187448044813,32.31210515785614,True
GSE234465:GSM7469192|original,GSE234465,YA,0,original,original,raw,YA,-0.06791583118947396,38.89725192118915,3.2653872323707938,35.63186468881836,True
GSE234465:GSM7469193|original,GSE234465,YA,0,original,original,raw,YA,-0.0680691291787312,35.75232488358043,3.272757786306476,32.47956709727395,True
GSE234465:GSM7469194|original,GSE234465,OS,0,original,original,raw,YA,-0.07131911011898216,42.19520982934491,3.4290165860867057,38.76619324325821,True
GSE234465:GSM7469195|original,GSE234465,OS,0,original,original,raw,YA,-0.07383128982244866,42.45711893728458,3.5498019668359286,38.90731697044865,True
GSE234465:GSM7469196|original,GSE234465,OS,0,original,original,raw,YA,-0.06664305006613513,41.9373317042015,3.2041920271150666,38.73313967708643,True
GSE234465:GSM7469197|original,GSE234465,YA,1,original,original,raw,YA,-0.07176884608071485,32.769705040025805,3.450639851850514,29.31906518817529,True
GSE234465:GSM7469198|original,GSE234465,YA,1,original,original,raw,YA,-0.06802103391770147,35.53186246684568,3.270445370356417,32.26141709648926,True
GSE234465:GSM7469199|original,GSE234465,YA,1,original,original,raw,YA,-0.036051736302914625,24.82595267957709,1.7333643329772206,23.092588346599868,True
GSE234465:GSM7469200|original,GSE234465,OS,1,original,original,raw,YA,-0.05507012960368833,34.60839091225338,2.6477670219658482,31.96062389028753,True
GSE234465:GSM7469201|original,GSE234465,OS,1,original,original,raw,YA,-0.052755110409563974,31.31759973229237,2.5364611012873923,28.781138631004975,True
GSE234465:GSM7469202|original,GSE234465,OS,1,original,original,raw,YA,-0.05703212298972199,29.56555678051615,2.742099492621721,26.823457287894428,True
GSE298393:GSM9013398|original,GSE298393,OS,0,original,original,raw,YA,-0.008465414174893788,-1.5543653667272086,0.40701637422812226,-1.961381740955331,True
GSE298393:GSM9013399|original,GSE298393,OS,0,original,original,raw,YA,-0.004147091177205134,-1.5716754473220897,0.1993917816266381,-1.771067228948728,True
GSE298393:GSM9013400|original,GSE298393,OS,0,original,original,raw,YA,-0.004249582733411013,-0.17977099499554045,0.20431956669823362,-0.3840905616937741,True
GSE298393:GSM9013410|original,GSE298393,OS,1,original,original,raw,YA,-0.024198324873303208,11.780650945069876,1.163453346622539,10.617197598447337,True
GSE298393:GSM9013411|original,GSE298393,OS,1,original,original,raw,YA,-0.023961147877775864,10.330547574778606,1.1520498973907038,9.178497677387902,True
GSE298393:GSM9013412|original,GSE298393,OS,1,original,original,raw,YA,-0.03448664221626178,11.063182190816038,1.6581147459736043,9.405067444842434,True
GSE234465:GSM7469191|harmonized,GSE234465,YA,0,harmonized,original,raw,YA,-0.046345130041663685,18.48463729207826,2.2282698049945613,16.2563674870837,True
GSE234465:GSM7469192|harmonized,GSE234465,YA,0,harmonized,original,raw,YA,-0.038066191180182375,20.171721512594807,1.8302191475500662,18.34150236504474,True
GSE234465:GSM7469193|harmonized,GSE234465,YA,0,harmonized,original,raw,YA,-0.039692338826826545,17.396270186552247,1.9084041843861415,15.487866002166106,True
GSE234465:GSM7469194|harmonized,GSE234465,OS,0,harmonized,original,raw,YA,-0.04068487642521099,22.848842898613476,1.9561253054362637,20.892717593177213,True
GSE234465:GSM7469195|harmonized,GSE234465,OS,0,harmonized,original,raw,YA,-0.04233084092317749,22.780443646819215,2.0352631347532726,20.745180512065943,True
GSE234465:GSM7469196|harmonized,GSE234465,OS,0,harmonized,original,raw,YA,-0.03061663489736776,20.847741836352245,1.4720451320563028,19.375696704295944,True
GSE234465:GSM7469197|harmonized,GSE234465,YA,1,harmonized,original,raw,YA,-0.042425352514660085,14.415001119170766,2.0398072438178785,12.375193875352888,True
GSE234465:GSM7469198|harmonized,GSE234465,YA,1,harmonized,original,raw,YA,-0.0413949383859592,17.021948326306646,1.9902650224979717,15.031683303808673,True
GSE234465:GSM7469199|harmonized,GSE234465,YA,1,harmonized,original,raw,YA,-0.006665566361874428,6.346858456654983,0.3204798485622949,6.026378608092688,True
GSE234465:GSM7469200|harmonized,GSE234465,OS,1,harmonized,original,raw,YA,-0.023171611954657854,14.5416805156454,1.1140890791588685,13.427591436486532,True
GSE234465:GSM7469201|harmonized,GSE234465,OS,1,harmonized,original,raw,YA,-0.023297951614192108,12.54798716489406,1.120163478955792,11.427823685938268,True
GSE234465:GSM7469202|harmonized,GSE234465,OS,1,harmonized,original,raw,YA,-0.024802292722428843,10.417294011681511,1.192492068062835,9.224801943618676,True
GSE298393:GSM9013398|harmonized,GSE298393,OS,0,harmonized,original,raw,YA,-0.008465414174893788,-1.5543653667272086,0.40701637422812226,-1.961381740955331,True
GSE298393:GSM9013399|harmonized,GSE298393,OS,0,harmonized,original,raw,YA,-0.004147091177205134,-1.5716754473220897,0.1993917816266381,-1.771067228948728,True
GSE298393:GSM9013400|harmonized,GSE298393,OS,0,harmonized,original,raw,YA,-0.004249582733411013,-0.17977099499554045,0.20431956669823362,-0.3840905616937741,True
GSE298393:GSM9013410|harmonized,GSE298393,OS,1,harmonized,original,raw,YA,-0.024198324873303208,11.780650945069876,1.163453346622539,10.617197598447337,True
GSE298393:GSM9013411|harmonized,GSE298393,OS,1,harmonized,original,raw,YA,-0.023961147877775864,10.330547574778606,1.1520498973907038,9.178497677387902,True
GSE298393:GSM9013412|harmonized,GSE298393,OS,1,harmonized,original,raw,YA,-0.03448664221626178,11.063182190816038,1.6581147459736043,9.405067444842434,True
GSE200335:GSM6031437|harmonized,GSE200335,AT24,0,harmonized,original,raw,YA,0.02217741817634103,30.293648380361777,-1.0662883291222351,31.35993670948401,True
GSE200335:GSM6031438|harmonized,GSE200335,AT24,1,harmonized,original,raw,YA,0.03447936895736768,26.8946857351064,-1.657765048321164,28.552450783427563,True
GSE200335:GSM6031439|harmonized,GSE200335,AT7,0,harmonized,original,raw,YA,0.07640677140813426,2.5485536090608045,-3.6736308965539717,6.222184505614776,True
GSE200335:GSM6031440|harmonized,GSE200335,AT7,1,harmonized,original,raw,YA,0.09347996949062884,-1.3119821071458175,-4.494508769325348,3.1825266621795305,True
GSE200335:GSM6031441|harmonized,GSE200335,AT8,0,harmonized,original,raw,YA,0.06516905384961337,19.03903798635328,-3.133322417751602,22.17236040410488,True
GSE200335:GSM6031442|harmonized,GSE200335,AT8,1,harmonized,original,raw,YA,0.07965692874353329,15.901750359462707,-3.829898177397516,19.731648536860224,True
GSE200335:GSM6031443|harmonized,GSE200335,AT10,0,harmonized,original,raw,YA,0.08718553409093648,-3.431175585850178,-4.191872865013193,0.7606972791630149,True
GSE200335:GSM6031444|harmonized,GSE200335,AT10,1,harmonized,original,raw,YA,0.1069266990526039,-7.753955458087717,-5.141026352336562,-2.612929105751155,True
GSE200335:GSM6031445|harmonized,GSE200335,AT18,0,harmonized,original,raw,YA,0.0749933249023792,13.716053371027309,-3.6056725119962483,17.321725883023557,True
GSE200335:GSM6031446|harmonized,GSE200335,AT18,1,harmonized,original,raw,YA,0.1070976781877317,6.223862287585934,-5.149247014221572,11.373109301807506,True
GSE200335:GSM6031447|harmonized,GSE200335,AT21,0,harmonized,original,raw,YA,0.07501584514640339,16.417521542401357,-3.6067552833621956,20.02427682576355,True
GSE200335:GSM6031448|harmonized,GSE200335,AT21,1,harmonized,original,raw,YA,0.06944857603021763,20.044440718871268,-3.339081470456218,23.383522189327486,True
GSE200335:GSM6031449|harmonized,GSE200335,AT22,0,harmonized,original,raw,YA,0.08655496412008837,0.7761659563096575,-4.161555115883694,4.9377210721933515,True
GSE200335:GSM6031450|harmonized,GSE200335,AT22,1,harmonized,original,raw,YA,0.1057266167618617,-1.9714710446723174,-5.083326500603152,3.1118554559308347,True
GSE234465:GSM7469191|original,GSE234465,YA,0,original,original,raw,OS,-0.06707741324081998,33.99431153545548,3.9135144997864417,30.08079703566904,True
GSE234465:GSM7469192|original,GSE234465,YA,0,original,original,raw,OS,-0.06229513516097064,35.90867387060085,3.6345008392520204,32.27417303134883,True
GSE234465:GSM7469193|original,GSE234465,YA,0,original,original,raw,OS,-0.06244843315022789,33.18846267478615,3.6434447426430543,29.545017932143097,True
GSE234465:GSM7469194|original,GSE234465,OS,0,original,original,raw,OS,-0.06569841409047886,40.14532830396739,3.8330592032967292,36.31226910067066,True
GSE234465:GSM7469195|original,GSE234465,OS,0,original,original,raw,OS,-0.06821059379394534,39.927977934150334,3.979627939635571,35.948349994514764,True
GSE234465:GSM7469196|original,GSE234465,OS,0,original,original,raw,OS,-0.061022354037631815,40.650494500989865,3.5602426479983103,37.09025185299156,True
GSE234465:GSM7469197|original,GSE234465,YA,1,original,original,raw,OS,-0.06614815005221156,30.011262143567194,3.859298262352233,26.15196388121496,True
GSE234465:GSM7469198|original,GSE234465,YA,1,original,original,raw,OS,-0.062400337889198146,33.76705732498957,3.640638708654606,30.126418616334966,True
GSE234465:GSM7469199|original,GSE234465,YA,1,original,original,raw,OS,-0.0304310402744113,22.718516930998277,1.7754458856356157,20.94307104536266,True
GSE234465:GSM7469200|original,GSE234465,OS,1,original,original,raw,OS,-0.04944943357518501,32.28587712645728,2.885040820043814,29.400836306413467,True
GSE234465:GSM7469201|original,GSE234465,OS,1,original,original,raw,OS,-0.047134414381060655,28.104752264439732,2.749975069208088,25.354777195231645,True
GSE234465:GSM7469202|original,GSE234465,OS,1,original,original,raw,OS,-0.05141142696121867,26.36635846220951,2.999509896797883,23.36684856541163,True
GSE298393:GSM9013395|original,GSE298393,YA,0,original,original,raw,OS,-0.003264052766157612,5.698449270527352,0.1904354567544994,5.508013813772853,True
GSE298393:GSM9013396|original,GSE298393,YA,0,original,original,raw,OS,0.016013387180326463,5.5169763923390605,-0.9342731016759741,6.451249494015035,True
GSE298393:GSM9013397|original,GSE298393,YA,0,original,original,raw,OS,0.0041127536713409995,2.453489198391219,-0.23995142849438494,2.6934406268856037,True
GSE298393:GSM9013404|original,GSE298393,YA,1,original,original,raw,OS,-0.020602825841412598,14.270063455519889,1.2020358831887084,13.06802757233118,True
GSE298393:GSM9013405|original,GSE298393,YA,1,original,original,raw,OS,-0.015810612767656475,12.753670722505122,0.9224425827899722,11.831228139715149,True
GSE298393:GSM9013406|original,GSE298393,YA,1,original,original,raw,OS,-0.016942620354312345,16.89911822443636,0.9884875879594627,15.910630636476897,True
GSE234465:GSM7469191|harmonized,GSE234465,YA,0,harmonized,original,raw,OS,-0.04072443401316037,22.83005886766733,2.3759959620671713,20.454062905600157,True
GSE234465:GSM7469192|harmonized,GSE234465,YA,0,harmonized,original,raw,OS,-0.032445495151679056,23.366199313566483,1.8929757364521542,21.47322357711433,True
GSE234465:GSM7469193|harmonized,GSE234465,YA,0,harmonized,original,raw,OS,-0.03407164279832323,20.458531485519675,1.987850480221534,18.47068100529814,True
GSE234465:GSM7469194|harmonized,GSE234465,OS,0,harmonized,original,raw,OS,-0.03506418039670768,26.149666749107322,2.0457583525617413,24.10390839654558,True
GSE234465:GSM7469195|harmonized,GSE234465,OS,0,harmonized,original,raw,OS,-0.036710144894674175,25.51963294338716,2.141789275903991,23.377843667483166,True
GSE234465:GSM7469196|harmonized,GSE234465,OS,0,harmonized,original,raw,OS,-0.024995938868864444,24.660788003642086,1.4583443885630778,23.20244361507901,True
GSE234465:GSM7469197|harmonized,GSE234465,YA,1,harmonized,original,raw,OS,-0.03680465648615677,17.06478386853074,2.1473033896092577,14.917480478921481,True
GSE234465:GSM7469198|harmonized,GSE234465,YA,1,harmonized,original,raw,OS,-0.03577424235745588,20.112405532075318,2.087185677273241,18.025219854802078,True
GSE234465:GSM7469199|harmonized,GSE234465,YA,1,harmonized,original,raw,OS,-0.0010448703333711153,9.631563534955248,0.06096113434434172,9.570602400610905,True
GSE234465:GSM7469200|harmonized,GSE234465,OS,1,harmonized,original,raw,OS,-0.017550915926154535,17.71857668970298,1.023977530483239,16.69459915921974,True
GSE234465:GSM7469201|harmonized,GSE234465,OS,1,harmonized,original,raw,OS,-0.017677255585688792,14.939440102416196,1.031348597219374,13.908091505196822,True
GSE234465:GSM7469202|harmonized,GSE234465,OS,1,harmonized,original,raw,OS,-0.019181596693925523,12.842258269277883,1.1191167512859737,11.723141517991909,True
GSE298393:GSM9013395|harmonized,GSE298393,YA,0,harmonized,original,raw,OS,-0.003264052766157612,5.698449270527352,0.1904354567544994,5.508013813772853,True
GSE298393:GSM9013396|harmonized,GSE298393,YA,0,harmonized,original,raw,OS,0.016013387180326463,5.5169763923390605,-0.9342731016759741,6.451249494015035,True
GSE298393:GSM9013397|harmonized,GSE298393,YA,0,harmonized,original,raw,OS,0.0041127536713409995,2.453489198391219,-0.23995142849438494,2.6934406268856037,True
GSE298393:GSM9013404|harmonized,GSE298393,YA,1,harmonized,original,raw,OS,-0.020602825841412598,14.270063455519889,1.2020358831887084,13.06802757233118,True
GSE298393:GSM9013405|harmonized,GSE298393,YA,1,harmonized,original,raw,OS,-0.015810612767656475,12.753670722505122,0.9224425827899722,11.831228139715149,True
GSE298393:GSM9013406|harmonized,GSE298393,YA,1,harmonized,original,raw,OS,-0.016942620354312345,16.89911822443636,0.9884875879594627,15.910630636476897,True
GSE200335:GSM6031437|harmonized,GSE200335,AT24,0,harmonized,original,raw,OS,0.027798114204844345,36.923843743348016,-1.6218324134952575,38.54567615684327,True
GSE200335:GSM6031438|harmonized,GSE200335,AT24,1,harmonized,original,raw,OS,0.040100064985871,34.33372683775576,-2.339568241863621,36.673295079619386,True
GSE200335:GSM6031439|harmonized,GSE200335,AT7,0,harmonized,original,raw,OS,0.08202746743663758,9.411371688209135,-4.785749295989357,14.197120984198492,True
GSE200335:GSM6031440|harmonized,GSE200335,AT7,1,harmonized,original,raw,OS,0.09910066551913216,8.161636994801583,-5.7818552133968515,13.943492208198435,True
GSE200335:GSM6031441|harmonized,GSE200335,AT8,0,harmonized,original,raw,OS,0.07078974987811668,26.165329361308622,-4.13010429590738,30.295433657216,True
GSE200335:GSM6031442|harmonized,GSE200335,AT8,1,harmonized,original,raw,OS,0.0852776247720366,23.20507037570752,-4.9753740481098045,28.180444423817328,True
GSE200335:GSM6031443|harmonized,GSE200335,AT10,0,harmonized,original,raw,OS,0.09280623011943978,7.0608041541846465,-5.4146173755835925,12.475421529768239,True
GSE200335:GSM6031444|harmonized,GSE200335,AT10,1,harmonized,original,raw,OS,0.11254739508110721,3.6075216747420003,-6.566381159956043,10.173902834698044,True
GSE200335:GSM6031445|harmonized,GSE200335,AT18,0,harmonized,original,raw,OS,0.08061402093088252,20.168427175532955,-4.703284228723186,24.87171140425614,True
GSE200335:GSM6031446|harmonized,GSE200335,AT18,1,harmonized,original,raw,OS,0.11271837421623501,13.16793512353507,-6.576356638916171,19.74429176245124,True
GSE200335:GSM6031447|harmonized,GSE200335,AT21,0,harmonized,original,raw,OS,0.0806365411749067,24.042534350334385,-4.704598133020762,28.74713248335515,True
GSE200335:GSM6031448|harmonized,GSE200335,AT21,1,harmonized,original,raw,OS,0.07506927205872094,28.1133254236762,-4.3797855417512555,32.493110965427455,True
GSE200335:GSM6031449|harmonized,GSE200335,AT22,0,harmonized,original,raw,OS,0.09217566014859169,9.539942222980638,-5.377827872160372,14.91777009514101,True
GSE200335:GSM6031450|harmonized,GSE200335,AT22,1,harmonized,original,raw,OS,0.11134731279036501,7.659065446489889,-6.496364455094526,14.155429901584416,True
GSE234465:GSM7469191|original,GSE234465,YA,0,original,original,probe_training_scaled,YA,-19.673043684389086,35.80742390266062,4.0659592216815605,31.741464680979057,True
GSE234465:GSM7469192|original,GSE234465,YA,0,original,original,probe_training_scaled,YA,-18.378897708360615,38.89725192118915,3.7984894366370385,35.09876248455211,True
GSE234465:GSM7469193|original,GSE234465,YA,0,original,original,probe_training_scaled,YA,-18.420382116548097,35.75232488358043,3.807063296113584,31.945261587466845,True
GSE234465:GSM7469194|original,GSE234465,OS,0,original,original,probe_training_scaled,YA,-19.299868772440657,42.19520982934491,3.988832672334195,38.206377157010714,True
GSE234465:GSM7469195|original,GSE234465,OS,0,original,original,probe_training_scaled,YA,-19.979696921288912,42.45711893728458,4.1293372925298835,38.327781644754694,True
GSE234465:GSM7469196|original,GSE234465,OS,0,original,original,probe_training_scaled,YA,-18.0344667610942,41.9373317042015,3.727303594286591,38.21002810991491,True
GSE234465:GSM7469197|original,GSE234465,YA,1,original,original,probe_training_scaled,YA,-19.421573109878516,32.769705040025805,4.013986119917742,28.755718920108063,True
GSE234465:GSM7469198|original,GSE234465,YA,1,original,original,probe_training_scaled,YA,-18.407366920131572,35.53186246684568,3.8043733586163295,31.72748910822935,True
GSE234465:GSM7469199|original,GSE234465,YA,1,original,original,probe_training_scaled,YA,-9.756063676398785,24.82595267957709,2.0163507847971296,22.80960189477996,True
GSE234465:GSM7469200|original,GSE234465,OS,1,original,original,probe_training_scaled,YA,-14.902685589589248,34.60839091225338,3.080037480366778,31.5283534318866,True
GSE234465:GSM7469201|original,GSE234465,OS,1,original,original,probe_training_scaled,YA,-14.276211611187916,31.31759973229237,2.95055992262386,28.36703980966851,True
GSE234465:GSM7469202|original,GSE234465,OS,1,original,original,probe_training_scaled,YA,-15.433626242377452,29.56555678051615,3.1897705281860564,26.375786252330094,True
GSE298393:GSM9013398|original,GSE298393,OS,0,original,original,probe_training_scaled,YA,-2.2908499896765235,-1.5543653667272086,0.47346525481492197,-2.0278306215421305,True
GSE298393:GSM9013399|original,GSE298393,OS,0,original,original,probe_training_scaled,YA,-1.1222562280134605,-1.5716754473220897,0.23194418375646442,-1.8036196310785542,True
GSE298393:GSM9013400|original,GSE298393,OS,0,original,original,probe_training_scaled,YA,-1.14999176175409,-0.17977099499554045,0.23767647160119987,-0.4174474665967403,True
GSE298393:GSM9013410|original,GSE298393,OS,1,original,original,probe_training_scaled,YA,-6.548378040450848,11.780650945069876,1.3533969886802986,10.427253956389578,True
GSE298393:GSM9013411|original,GSE298393,OS,1,original,original,probe_training_scaled,YA,-6.484194893999877,10.330547574778606,1.3401318294921478,8.990415745286459,True
GSE298393:GSM9013412|original,GSE298393,OS,1,original,original,probe_training_scaled,YA,-9.332529080432439,11.063182190816038,1.928816063490277,9.13436612732576,True
GSE234465:GSM7469191|harmonized,GSE234465,YA,0,harmonized,original,probe_training_scaled,YA,-12.541588454392954,18.48463729207826,2.5920537792094853,15.892583512868775,True
GSE234465:GSM7469192|harmonized,GSE234465,YA,0,harmonized,original,probe_training_scaled,YA,-10.301201083671664,20.171721512594807,2.1290179706044574,18.04270354199035,True
GSE234465:GSM7469193|harmonized,GSE234465,YA,0,harmonized,original,probe_training_scaled,YA,-10.741257558471853,17.396270186552247,2.219967378864772,15.176302807687474,True
GSE234465:GSM7469194|harmonized,GSE234465,OS,0,harmonized,original,probe_training_scaled,YA,-11.009851002340898,22.848842898613476,2.2754793783043477,20.57336352030913,True
GSE234465:GSM7469195|harmonized,GSE234465,OS,0,harmonized,original,probe_training_scaled,YA,-11.455270172067676,22.780443646819215,2.3675371305118236,20.41290651630739,True
GSE234465:GSM7469196|harmonized,GSE234465,OS,0,harmonized,original,probe_training_scaled,YA,-8.28525530937118,20.847741836352245,1.7123690044899107,19.135372831862334,True
GSE234465:GSM7469197|harmonized,GSE234465,YA,1,harmonized,original,probe_training_scaled,YA,-11.480846224685909,14.415001119170766,2.372823103982204,12.042178015188561,True
GSE234465:GSM7469198|harmonized,GSE234465,YA,1,harmonized,original,probe_training_scaled,YA,-11.202002904403049,17.021948326306646,2.3151926941840464,14.706755632122599,True
GSE234465:GSM7469199|harmonized,GSE234465,YA,1,harmonized,original,probe_training_scaled,YA,-1.8037880150713121,6.346858456654983,0.3728009062297586,5.974057550425225,True
GSE234465:GSM7469200|harmonized,GSE234465,OS,1,harmonized,original,probe_training_scaled,YA,-6.2705363152278775,14.5416805156454,1.2959735852170773,13.245706930428323,True
GSE234465:GSM7469201|harmonized,GSE234465,OS,1,harmonized,original,probe_training_scaled,YA,-6.304725452553036,12.54798716489406,1.3030396823812327,11.244947482512828,True
GSE234465:GSM7469202|harmonized,GSE234465,OS,1,harmonized,original,probe_training_scaled,YA,-6.711819510927011,10.417294011681511,1.3871765280718102,9.0301174836097,True
GSE298393:GSM9013398|harmonized,GSE298393,OS,0,harmonized,original,probe_training_scaled,YA,-2.2908499896765235,-1.5543653667272086,0.47346525481492197,-2.0278306215421305,True
GSE298393:GSM9013399|harmonized,GSE298393,OS,0,harmonized,original,probe_training_scaled,YA,-1.1222562280134605,-1.5716754473220897,0.23194418375646442,-1.8036196310785542,True
GSE298393:GSM9013400|harmonized,GSE298393,OS,0,harmonized,original,probe_training_scaled,YA,-1.14999176175409,-0.17977099499554045,0.23767647160119987,-0.4174474665967403,True
GSE298393:GSM9013410|harmonized,GSE298393,OS,1,harmonized,original,probe_training_scaled,YA,-6.548378040450848,11.780650945069876,1.3533969886802986,10.427253956389578,True
GSE298393:GSM9013411|harmonized,GSE298393,OS,1,harmonized,original,probe_training_scaled,YA,-6.484194893999877,10.330547574778606,1.3401318294921478,8.990415745286459,True
GSE298393:GSM9013412|harmonized,GSE298393,OS,1,harmonized,original,probe_training_scaled,YA,-9.332529080432439,11.063182190816038,1.928816063490277,9.13436612732576,True
GSE200335:GSM6031437|harmonized,GSE200335,AT24,0,harmonized,original,probe_training_scaled,YA,6.001494687761124,30.293648380361777,-1.2403689566825156,31.534017337044293,True
GSE200335:GSM6031438|harmonized,GSE200335,AT24,1,harmonized,original,probe_training_scaled,YA,9.330560842999724,26.8946857351064,-1.9284092747254882,28.82309500983189,True
GSE200335:GSM6031439|harmonized,GSE200335,AT7,0,harmonized,original,probe_training_scaled,YA,20.676655373892203,2.5485536090608045,-4.273382346917677,6.821935955978481,True
GSE200335:GSM6031440|harmonized,GSE200335,AT7,1,harmonized,original,probe_training_scaled,YA,25.296882434609955,-1.3119821071458175,-5.228275505554578,3.9162933984087602,True
GSE200335:GSM6031441|harmonized,GSE200335,AT8,0,harmonized,original,probe_training_scaled,YA,17.635584420828256,19.03903798635328,-3.6448639191763688,22.68390190552965,True
GSE200335:GSM6031442|harmonized,GSE200335,AT8,1,harmonized,original,probe_training_scaled,YA,21.556189764581283,15.901750359462707,-4.455161588807231,20.35691194826994,True
GSE200335:GSM6031443|harmonized,GSE200335,AT10,0,harmonized,original,probe_training_scaled,YA,23.593527232785384,-3.431175585850178,-4.876231719053275,1.4450561332030976,True
GSE200335:GSM6031444|harmonized,GSE200335,AT10,1,harmonized,original,probe_training_scaled,YA,28.935740456417264,-7.753955458087717,-5.980342575984447,-1.7736128821032695,True
GSE200335:GSM6031445|harmonized,GSE200335,AT18,0,harmonized,original,probe_training_scaled,YA,20.29415856437751,13.716053371027309,-4.194329178792801,17.91038254982011,True
GSE200335:GSM6031446|harmonized,GSE200335,AT18,1,harmonized,original,probe_training_scaled,YA,28.982009610158617,6.223862287585934,-5.989905330754485,12.21376761834042,True
GSE200335:GSM6031447|harmonized,GSE200335,AT21,0,harmonized,original,probe_training_scaled,YA,20.300252832150413,16.417521542401357,-4.195588721782088,20.613110264183444,True
GSE200335:GSM6031448|harmonized,GSE200335,AT21,1,harmonized,original,probe_training_scaled,YA,18.793678182186454,20.044440718871268,-3.884214885102538,23.928655603973805,True
GSE200335:GSM6031449|harmonized,GSE200335,AT22,0,harmonized,original,probe_training_scaled,YA,23.42288688591472,0.7761659563096575,-4.840964339837305,5.6171302961469625,True
GSE200335:GSM6031450|harmonized,GSE200335,AT22,1,harmonized,original,probe_training_scaled,YA,28.61098274857692,-1.9714710446723174,-5.913222733310921,3.941751688638603,True
GSE234465:GSM7469191|original,GSE234465,YA,0,original,original,probe_training_scaled,OS,-18.152011024574392,33.99431153545548,4.46290621985495,29.53140531560053,True
GSE234465:GSM7469192|original,GSE234465,YA,0,original,original,probe_training_scaled,OS,-16.857865048545925,35.90867387060085,4.14472372657646,31.763950144024392,True
GSE234465:GSM7469193|original,GSE234465,YA,0,original,original,probe_training_scaled,OS,-16.899349456733404,33.18846267478615,4.1549232038176465,29.033539470968506,True
GSE234465:GSM7469194|original,GSE234465,OS,0,original,original,probe_training_scaled,OS,-17.778836112625967,40.14532830396739,4.371156350742719,35.774171953224666,True
GSE234465:GSM7469195|original,GSE234465,OS,0,original,original,probe_training_scaled,OS,-18.45866426147422,39.927977934150334,4.538300876482587,35.38967705766775,True
GSE234465:GSM7469196|original,GSE234465,OS,0,original,original,probe_training_scaled,OS,-16.513434101279508,40.650494500989865,4.0600409322136315,36.59045356877623,True
GSE234465:GSM7469197|original,GSE234465,YA,1,original,original,probe_training_scaled,OS,-17.900540450063826,30.011262143567194,4.401078933083564,25.61018321048363,True
GSE234465:GSM7469198|original,GSE234465,YA,1,original,original,probe_training_scaled,OS,-16.886334260316882,33.76705732498957,4.151723249776119,29.615334075213454,True
GSE234465:GSM7469199|original,GSE234465,YA,1,original,original,probe_training_scaled,OS,-8.235031016584095,22.718516930998277,2.0246886747069563,20.69382825629132,True
GSE234465:GSM7469200|original,GSE234465,OS,1,original,original,probe_training_scaled,OS,-13.381652929774557,32.28587712645728,3.2900521055975585,28.99582502085972,True
GSE234465:GSM7469201|original,GSE234465,OS,1,original,original,probe_training_scaled,OS,-12.755178951373225,28.104752264439732,3.1360253913674123,24.96872687307232,True
GSE234465:GSM7469202|original,GSE234465,OS,1,original,original,probe_training_scaled,OS,-13.91259358256276,26.36635846220951,3.4205907185641555,22.945767743645355,True
GSE298393:GSM9013395|original,GSE298393,YA,0,original,original,probe_training_scaled,OS,-0.8832946730275735,5.698449270527352,0.21716939709229435,5.481279873435057,True
GSE298393:GSM9013396|original,GSE298393,YA,0,original,original,probe_training_scaled,OS,4.3334285953229585,5.5169763923390605,-1.0654293568454674,6.582405749184527,True
GSE298393:GSM9013397|original,GSE298393,YA,0,original,original,probe_training_scaled,OS,1.1129640571486656,2.453489198391219,-0.2736365797926922,2.727125778183911,True
GSE298393:GSM9013404|original,GSE298393,YA,1,original,original,probe_training_scaled,OS,-5.575389743609258,14.270063455519889,1.3707815366122864,12.899281918907603,True
GSE298393:GSM9013405|original,GSE298393,YA,1,original,original,probe_training_scaled,OS,-4.278555230408414,12.753670722505122,1.051938031765841,11.70173269073928,True
GSE298393:GSM9013406|original,GSE298393,YA,1,original,original,probe_training_scaled,OS,-4.5848910474904985,16.89911822443636,1.1272546466339746,15.771863577802385,True
GSE234465:GSM7469191|harmonized,GSE234465,YA,0,harmonized,original,probe_training_scaled,OS,-11.02055579457826,22.83005886766733,2.709545897437831,20.1205129702295,True
GSE234465:GSM7469192|harmonized,GSE234465,YA,0,harmonized,original,probe_training_scaled,OS,-8.780168423856972,23.366199313566483,2.158717743017902,21.20748157054858,True
GSE234465:GSM7469193|harmonized,GSE234465,YA,0,harmonized,original,probe_training_scaled,OS,-9.220224898657161,20.458531485519675,2.2669113076766285,18.191620177843046,True
GSE234465:GSM7469194|harmonized,GSE234465,OS,0,harmonized,original,probe_training_scaled,OS,-9.488818342526207,26.149666749107322,2.332948472904911,23.816718276202412,True
GSE234465:GSM7469195|harmonized,GSE234465,OS,0,harmonized,original,probe_training_scaled,OS,-9.934237512252984,25.51963294338716,2.4424605253339817,23.077172418053177,True
GSE234465:GSM7469196|harmonized,GSE234465,OS,0,harmonized,original,probe_training_scaled,OS,-6.76422264955649,24.660788003642086,1.6630714522110202,22.997716551431065,True
GSE234465:GSM7469197|harmonized,GSE234465,YA,1,harmonized,original,probe_training_scaled,OS,-9.959813564871215,17.06478386853074,2.448748728010518,14.616035140520221,True
GSE234465:GSM7469198|harmonized,GSE234465,YA,1,harmonized,original,probe_training_scaled,OS,-9.680970244588357,20.112405532075318,2.3801914983586285,17.73221403371669,True
GSE234465:GSM7469199|harmonized,GSE234465,YA,1,harmonized,original,probe_training_scaled,OS,-0.2827553552566201,9.631563534955248,0.06951905394744842,9.5620444810078,True
GSE234465:GSM7469200|harmonized,GSE234465,OS,1,harmonized,original,probe_training_scaled,OS,-4.749503655413187,17.71857668970298,1.1677267811412824,16.5508499085617,True
GSE234465:GSM7469201|harmonized,GSE234465,OS,1,harmonized,original,probe_training_scaled,OS,-4.7836927927383455,14.939440102416196,1.1761326218722823,13.763307480543913,True
GSE234465:GSM7469202|harmonized,GSE234465,OS,1,harmonized,original,probe_training_scaled,OS,-5.190786851112319,12.842258269277883,1.276221950967751,11.566036318310132,True
GSE298393:GSM9013395|harmonized,GSE298393,YA,0,harmonized,original,probe_training_scaled,OS,-0.8832946730275735,5.698449270527352,0.21716939709229435,5.481279873435057,True
GSE298393:GSM9013396|harmonized,GSE298393,YA,0,harmonized,original,probe_training_scaled,OS,4.3334285953229585,5.5169763923390605,-1.0654293568454674,6.582405749184527,True
GSE298393:GSM9013397|harmonized,GSE298393,YA,0,harmonized,original,probe_training_scaled,OS,1.1129640571486656,2.453489198391219,-0.2736365797926922,2.727125778183911,True
GSE298393:GSM9013404|harmonized,GSE298393,YA,1,harmonized,original,probe_training_scaled,OS,-5.575389743609258,14.270063455519889,1.3707815366122864,12.899281918907603,True
GSE298393:GSM9013405|harmonized,GSE298393,YA,1,harmonized,original,probe_training_scaled,OS,-4.278555230408414,12.753670722505122,1.051938031765841,11.70173269073928,True
GSE298393:GSM9013406|harmonized,GSE298393,YA,1,harmonized,original,probe_training_scaled,OS,-4.5848910474904985,16.89911822443636,1.1272546466339746,15.771863577802385,True
GSE200335:GSM6031437|harmonized,GSE200335,AT24,0,harmonized,original,probe_training_scaled,OS,7.522527347575817,36.923843743348016,-1.8495104505541822,38.7733541939022,True
GSE200335:GSM6031438|harmonized,GSE200335,AT24,1,harmonized,original,probe_training_scaled,OS,10.851593502814415,34.33372683775576,-2.6680043370116637,37.00173117476743,True
GSE200335:GSM6031439|harmonized,GSE200335,AT7,0,harmonized,original,probe_training_scaled,OS,22.19768803370689,9.411371688209135,-5.457588134885625,14.868959823094759,True
GSE200335:GSM6031440|harmonized,GSE200335,AT7,1,harmonized,original,probe_training_scaled,OS,26.817915094424645,8.161636994801583,-6.593530596495213,14.755167591296797,True
GSE200335:GSM6031441|harmonized,GSE200335,AT8,0,harmonized,original,probe_training_scaled,OS,19.156617080642945,26.165329361308622,-4.709901586377288,30.87523094768591,True
GSE200335:GSM6031442|harmonized,GSE200335,AT8,1,harmonized,original,probe_training_scaled,OS,23.077222424395977,23.20507037570752,-5.673833018026593,28.878903393734113,True
GSE200335:GSM6031443|harmonized,GSE200335,AT10,0,harmonized,original,probe_training_scaled,OS,25.114559892600077,7.0608041541846465,-6.174738732907559,13.235542887092205,True
GSE200335:GSM6031444|harmonized,GSE200335,AT10,1,harmonized,original,probe_training_scaled,OS,30.456773116231957,3.6075216747420003,-7.4881908121984315,11.095712486940432,True
GSE200335:GSM6031445|harmonized,GSE200335,AT18,0,harmonized,original,probe_training_scaled,OS,21.815191224192205,20.168427175532955,-5.363546356927979,25.531973532460935,True
GSE200335:GSM6031446|harmonized,GSE200335,AT18,1,harmonized,original,probe_training_scaled,OS,30.503042269973314,13.16793512353507,-7.499566680896405,20.667501804431474,True
GSE200335:GSM6031447|harmonized,GSE200335,AT21,0,harmonized,original,probe_training_scaled,OS,21.821285491965106,24.042534350334385,-5.365044711325865,29.40757906166025,True
GSE200335:GSM6031448|harmonized,GSE200335,AT21,1,harmonized,original,probe_training_scaled,OS,20.31471084200114,28.1133254236762,-4.994633886492332,33.10795931016853,True
GSE200335:GSM6031449|harmonized,GSE200335,AT22,0,harmonized,original,probe_training_scaled,OS,24.943919545729415,9.539942222980638,-6.13278460097274,15.67272682395338,True
GSE200335:GSM6031450|harmonized,GSE200335,AT22,1,harmonized,original,probe_training_scaled,OS,30.13201540839161,7.659065446489889,-7.408344937694259,15.067410384184146,True
