evaluation,fold,model,C,n_train,n_test,id,true_label,score,decision_logit,predicted_label
cross_flight,GSE234465__to__GSE298393,expression_linear,1.0,12,12,GSE298393:GSM9013395,0,0.9911564027509271,4.719178622531883,1
cross_flight,GSE234465__to__GSE298393,expression_linear,1.0,12,12,GSE298393:GSM9013396,0,0.9894597716248674,4.541959898612492,1
cross_flight,GSE234465__to__GSE298393,expression_linear,1.0,12,12,GSE298393:GSM9013397,0,0.9994993758790481,7.59915424656969,1
cross_flight,GSE234465__to__GSE298393,expression_linear,1.0,12,12,GSE298393:GSM9013398,0,0.9997013637831884,8.115985710677519,1
cross_flight,GSE234465__to__GSE298393,expression_linear,1.0,12,12,GSE298393:GSM9013399,0,0.9998658923549274,8.916733642428545,1
cross_flight,GSE234465__to__GSE298393,expression_linear,1.0,12,12,GSE298393:GSM9013400,0,0.9989540642781412,6.86179688351103,1
cross_flight,GSE234465__to__GSE298393,expression_linear,1.0,12,12,GSE298393:GSM9013404,1,0.8815125425709656,2.006832119912297,1
cross_flight,GSE234465__to__GSE298393,expression_linear,1.0,12,12,GSE298393:GSM9013405,1,0.965725733954343,3.3384850630722283,1
cross_flight,GSE234465__to__GSE298393,expression_linear,1.0,12,12,GSE298393:GSM9013406,1,0.8705843666788491,1.90613548331778,1
cross_flight,GSE234465__to__GSE298393,expression_linear,1.0,12,12,GSE298393:GSM9013410,1,0.9563023021137401,3.085778657900313,1
cross_flight,GSE234465__to__GSE298393,expression_linear,1.0,12,12,GSE298393:GSM9013411,1,0.9597645721567154,3.1719401198983146,1
cross_flight,GSE234465__to__GSE298393,expression_linear,1.0,12,12,GSE298393:GSM9013412,1,0.9331598883098752,2.63627318153916,1
cross_flight,GSE234465__to__GSE298393,expression_linear,0.01,12,12,GSE298393:GSM9013395,0,0.9323181316599548,2.62285577901005,1
cross_flight,GSE234465__to__GSE298393,expression_linear,0.01,12,12,GSE298393:GSM9013396,0,0.9152925783965868,2.3800405519186785,1
cross_flight,GSE234465__to__GSE298393,expression_linear,0.01,12,12,GSE298393:GSM9013397,0,0.9851544289211156,4.195096832594866,1
cross_flight,GSE234465__to__GSE298393,expression_linear,0.01,12,12,GSE298393:GSM9013398,0,0.9913203938478837,4.738061632196091,1
cross_flight,GSE234465__to__GSE298393,expression_linear,0.01,12,12,GSE298393:GSM9013399,0,0.9943185570584426,5.164852395774733,1
cross_flight,GSE234465__to__GSE298393,expression_linear,0.01,12,12,GSE298393:GSM9013400,0,0.9804928240497451,3.9172729316211985,1
cross_flight,GSE234465__to__GSE298393,expression_linear,0.01,12,12,GSE298393:GSM9013404,1,0.7467796872001099,1.0815103001316597,1
cross_flight,GSE234465__to__GSE298393,expression_linear,0.01,12,12,GSE298393:GSM9013405,1,0.8599569704838587,1.8149326246021402,1
cross_flight,GSE234465__to__GSE298393,expression_linear,0.01,12,12,GSE298393:GSM9013406,1,0.7147009068126212,0.918326063265421,1
cross_flight,GSE234465__to__GSE298393,expression_linear,0.01,12,12,GSE298393:GSM9013410,1,0.8364514303746575,1.6320584476779647,1
cross_flight,GSE234465__to__GSE298393,expression_linear,0.01,12,12,GSE298393:GSM9013411,1,0.8530194374079731,1.7584819835749244,1
cross_flight,GSE234465__to__GSE298393,expression_linear,0.01,12,12,GSE298393:GSM9013412,1,0.823740758760074,1.5418999943683254,1
cross_flight,GSE234465__to__GSE298393,expression_linear,100.0,12,12,GSE298393:GSM9013395,0,0.9953450901374968,5.36516695433307,1
cross_flight,GSE234465__to__GSE298393,expression_linear,100.0,12,12,GSE298393:GSM9013396,0,0.9957659086812181,5.460343458066468,1
cross_flight,GSE234465__to__GSE298393,expression_linear,100.0,12,12,GSE298393:GSM9013397,0,0.9998864497866007,9.083151853410646,1
cross_flight,GSE234465__to__GSE298393,expression_linear,100.0,12,12,GSE298393:GSM9013398,0,0.9998892052954275,9.107720776616857,1
cross_flight,GSE234465__to__GSE298393,expression_linear,100.0,12,12,GSE298393:GSM9013399,0,0.999958795387357,10.096919145059092,1
cross_flight,GSE234465__to__GSE298393,expression_linear,100.0,12,12,GSE298393:GSM9013400,0,0.9995900794203032,7.799137120466407,1
cross_flight,GSE234465__to__GSE298393,expression_linear,100.0,12,12,GSE298393:GSM9013404,1,0.8747584253521679,1.9437032935056604,1
cross_flight,GSE234465__to__GSE298393,expression_linear,100.0,12,12,GSE298393:GSM9013405,1,0.9762197727943969,3.714833292408104,1
cross_flight,GSE234465__to__GSE298393,expression_linear,100.0,12,12,GSE298393:GSM9013406,1,0.8744303340792131,1.9407119160725088,1
cross_flight,GSE234465__to__GSE298393,expression_linear,100.0,12,12,GSE298393:GSM9013410,1,0.9707619058751011,3.502608780801432,1
cross_flight,GSE234465__to__GSE298393,expression_linear,100.0,12,12,GSE298393:GSM9013411,1,0.9703013274909723,3.4865043220105894,1
cross_flight,GSE234465__to__GSE298393,expression_linear,100.0,12,12,GSE298393:GSM9013412,1,0.9259418998644126,2.525961567437988,1
cross_flight,GSE234465__to__GSE298393,pca5_linear,1.0,12,12,GSE298393:GSM9013395,0,0.9852548419200446,4.201985567341505,1
cross_flight,GSE234465__to__GSE298393,pca5_linear,1.0,12,12,GSE298393:GSM9013396,0,0.9799213564097118,3.887815577625551,1
cross_flight,GSE234465__to__GSE298393,pca5_linear,1.0,12,12,GSE298393:GSM9013397,0,0.9991972865923409,7.1267097740109655,1
cross_flight,GSE234465__to__GSE298393,pca5_linear,1.0,12,12,GSE298393:GSM9013398,0,0.9995364584033993,7.676150783366124,1
cross_flight,GSE234465__to__GSE298393,pca5_linear,1.0,12,12,GSE298393:GSM9013399,0,0.9997896893281729,8.466714398022567,1
cross_flight,GSE234465__to__GSE298393,pca5_linear,1.0,12,12,GSE298393:GSM9013400,0,0.9981977374995543,6.3169085701521395,1
cross_flight,GSE234465__to__GSE298393,pca5_linear,1.0,12,12,GSE298393:GSM9013404,1,0.8043231214985391,1.4135363610984641,1
cross_flight,GSE234465__to__GSE298393,pca5_linear,1.0,12,12,GSE298393:GSM9013405,1,0.9460803286059423,2.8648321071450353,1
cross_flight,GSE234465__to__GSE298393,pca5_linear,1.0,12,12,GSE298393:GSM9013406,1,0.735108033510761,1.0206954035408509,1
cross_flight,GSE234465__to__GSE298393,pca5_linear,1.0,12,12,GSE298393:GSM9013410,1,0.9283865113958745,2.5621647008739017,1
cross_flight,GSE234465__to__GSE298393,pca5_linear,1.0,12,12,GSE298393:GSM9013411,1,0.9380620410234118,2.7176828662539303,1
cross_flight,GSE234465__to__GSE298393,pca5_linear,1.0,12,12,GSE298393:GSM9013412,1,0.8959632242898204,2.1531549185801393,1
cross_flight,GSE234465__to__GSE298393,pca5_linear,0.01,12,12,GSE298393:GSM9013395,0,0.9169565406932528,2.401696001346218,1
cross_flight,GSE234465__to__GSE298393,pca5_linear,0.01,12,12,GSE298393:GSM9013396,0,0.8883805355548129,2.074304734898782,1
cross_flight,GSE234465__to__GSE298393,pca5_linear,0.01,12,12,GSE298393:GSM9013397,0,0.981749014268607,3.9851165981532657,1
cross_flight,GSE234465__to__GSE298393,pca5_linear,0.01,12,12,GSE298393:GSM9013398,0,0.989790542796822,4.574178880301922,1
cross_flight,GSE234465__to__GSE298393,pca5_linear,0.01,12,12,GSE298393:GSM9013399,0,0.9932098481600917,4.98546866556638,1
cross_flight,GSE234465__to__GSE298393,pca5_linear,0.01,12,12,GSE298393:GSM9013400,0,0.9755908531755124,3.688085358799907,1
cross_flight,GSE234465__to__GSE298393,pca5_linear,0.01,12,12,GSE298393:GSM9013404,1,0.6831526508522348,0.7682982256481503,1
cross_flight,GSE234465__to__GSE298393,pca5_linear,0.01,12,12,GSE298393:GSM9013405,1,0.8274490478093858,1.5676549638363813,1
cross_flight,GSE234465__to__GSE298393,pca5_linear,0.01,12,12,GSE298393:GSM9013406,1,0.6130855101324786,0.4603007085136046,1
cross_flight,GSE234465__to__GSE298393,pca5_linear,0.01,12,12,GSE298393:GSM9013410,1,0.7962647387447669,1.363110304805703,1
cross_flight,GSE234465__to__GSE298393,pca5_linear,0.01,12,12,GSE298393:GSM9013411,1,0.8224084215495716,1.5327507240607299,1
cross_flight,GSE234465__to__GSE298393,pca5_linear,0.01,12,12,GSE298393:GSM9013412,1,0.786429492143219,1.3035360451334042,1
cross_flight,GSE234465__to__GSE298393,pca5_linear,100.0,12,12,GSE298393:GSM9013395,0,0.9924128323813866,4.87368083340535,1
cross_flight,GSE234465__to__GSE298393,pca5_linear,100.0,12,12,GSE298393:GSM9013396,0,0.9907091952742171,4.669395873657856,1
cross_flight,GSE234465__to__GSE298393,pca5_linear,100.0,12,12,GSE298393:GSM9013397,0,0.9998318313795186,8.690375205819938,1
cross_flight,GSE234465__to__GSE298393,pca5_linear,100.0,12,12,GSE298393:GSM9013398,0,0.9998742642097569,8.981202011728593,1
cross_flight,GSE234465__to__GSE298393,pca5_linear,100.0,12,12,GSE298393:GSM9013399,0,0.9999533965660601,9.973789725329935,1
cross_flight,GSE234465__to__GSE298393,pca5_linear,100.0,12,12,GSE298393:GSM9013400,0,0.9993943997249712,7.408684617973747,1
cross_flight,GSE234465__to__GSE298393,pca5_linear,100.0,12,12,GSE298393:GSM9013404,1,0.7860350380018333,1.3011890964098596,1
cross_flight,GSE234465__to__GSE298393,pca5_linear,100.0,12,12,GSE298393:GSM9013405,1,0.9622345613127271,3.2378638837360763,1
cross_flight,GSE234465__to__GSE298393,pca5_linear,100.0,12,12,GSE298393:GSM9013406,1,0.6986283593327546,0.8407747363180028,1
cross_flight,GSE234465__to__GSE298393,pca5_linear,100.0,12,12,GSE298393:GSM9013410,1,0.9488718970732226,2.9209394967548468,1
cross_flight,GSE234465__to__GSE298393,pca5_linear,100.0,12,12,GSE298393:GSM9013411,1,0.9547057362728696,3.0482227675111107,1
cross_flight,GSE234465__to__GSE298393,pca5_linear,100.0,12,12,GSE298393:GSM9013412,1,0.8929303212193319,2.1210287240037458,1
cross_flight,GSE234465__to__GSE298393,bridge_mean_linear,1.0,12,12,GSE298393:GSM9013395,0,0.9999999892262278,18.34615114409988,1
cross_flight,GSE234465__to__GSE298393,bridge_mean_linear,1.0,12,12,GSE298393:GSM9013396,0,0.9999999399730966,16.62847292344202,1
cross_flight,GSE234465__to__GSE298393,bridge_mean_linear,1.0,12,12,GSE298393:GSM9013397,0,0.9999999965943143,19.497819501061482,1
cross_flight,GSE234465__to__GSE298393,bridge_mean_linear,1.0,12,12,GSE298393:GSM9013398,0,0.9999999998472018,22.60190330122832,1
cross_flight,GSE234465__to__GSE298393,bridge_mean_linear,1.0,12,12,GSE298393:GSM9013399,0,0.9999999999512759,23.744848585619195,1
cross_flight,GSE234465__to__GSE298393,bridge_mean_linear,1.0,12,12,GSE298393:GSM9013400,0,0.9999999980988208,20.08079153144589,1
cross_flight,GSE234465__to__GSE298393,bridge_mean_linear,1.0,12,12,GSE298393:GSM9013404,1,0.9999996240292041,14.793753990825,1
cross_flight,GSE234465__to__GSE298393,bridge_mean_linear,1.0,12,12,GSE298393:GSM9013405,1,0.9999997533262397,15.215198935599455,1
cross_flight,GSE234465__to__GSE298393,bridge_mean_linear,1.0,12,12,GSE298393:GSM9013406,1,0.9999974421840309,12.876354242878666,1
cross_flight,GSE234465__to__GSE298393,bridge_mean_linear,1.0,12,12,GSE298393:GSM9013410,1,0.999998221111824,13.239520230171975,1
cross_flight,GSE234465__to__GSE298393,bridge_mean_linear,1.0,12,12,GSE298393:GSM9013411,1,0.9999996175937359,14.776781892462719,1
cross_flight,GSE234465__to__GSE298393,bridge_mean_linear,1.0,12,12,GSE298393:GSM9013412,1,0.9999994189594666,14.358444736734539,1
cross_flight,GSE234465__to__GSE298393,bridge_mean_linear,0.01,12,12,GSE298393:GSM9013395,0,0.9902230603495091,4.617903715329115,1
cross_flight,GSE234465__to__GSE298393,bridge_mean_linear,0.01,12,12,GSE298393:GSM9013396,0,0.9512651686991065,2.971398858895186,1
cross_flight,GSE234465__to__GSE298393,bridge_mean_linear,0.01,12,12,GSE298393:GSM9013397,0,0.9959573554748632,5.506805377624314,1
cross_flight,GSE234465__to__GSE298393,bridge_mean_linear,0.01,12,12,GSE298393:GSM9013398,0,0.9996892111496317,8.076085976934584,1
cross_flight,GSE234465__to__GSE298393,bridge_mean_linear,0.01,12,12,GSE298393:GSM9013399,0,0.9997630781264126,8.347543168541636,1
cross_flight,GSE234465__to__GSE298393,bridge_mean_linear,0.01,12,12,GSE298393:GSM9013400,0,0.9980661422858477,6.246302725385167,1
cross_flight,GSE234465__to__GSE298393,bridge_mean_linear,0.01,12,12,GSE298393:GSM9013404,1,0.9674670492407254,3.3924279214583706,1
cross_flight,GSE234465__to__GSE298393,bridge_mean_linear,0.01,12,12,GSE298393:GSM9013405,1,0.9727501824836454,3.5750804750209753,1
cross_flight,GSE234465__to__GSE298393,bridge_mean_linear,0.01,12,12,GSE298393:GSM9013406,1,0.8635621044292205,1.845196283160385,1
cross_flight,GSE234465__to__GSE298393,bridge_mean_linear,0.01,12,12,GSE298393:GSM9013410,1,0.9514398760826369,2.9751737975888224,1
cross_flight,GSE234465__to__GSE298393,bridge_mean_linear,0.01,12,12,GSE298393:GSM9013411,1,0.9782902211583431,3.8080435787599685,1
cross_flight,GSE234465__to__GSE298393,bridge_mean_linear,0.01,12,12,GSE298393:GSM9013412,1,0.9748937450829152,3.6592114706805585,1
cross_flight,GSE234465__to__GSE298393,bridge_mean_linear,100.0,12,12,GSE298393:GSM9013395,0,0.9999999999999996,35.40874249813495,1
cross_flight,GSE234465__to__GSE298393,bridge_mean_linear,100.0,12,12,GSE298393:GSM9013396,0,0.9999999999999987,34.18186417365986,1
cross_flight,GSE234465__to__GSE298393,bridge_mean_linear,100.0,12,12,GSE298393:GSM9013397,0,0.9999999999999998,36.63403133955378,1
cross_flight,GSE234465__to__GSE298393,bridge_mean_linear,100.0,12,12,GSE298393:GSM9013398,0,1.0,39.64270511836825,1
cross_flight,GSE234465__to__GSE298393,bridge_mean_linear,100.0,12,12,GSE298393:GSM9013399,0,1.0,41.81518059812296,1
cross_flight,GSE234465__to__GSE298393,bridge_mean_linear,100.0,12,12,GSE298393:GSM9013400,0,1.0,36.84023519500731,1
cross_flight,GSE234465__to__GSE298393,bridge_mean_linear,100.0,12,12,GSE298393:GSM9013404,1,0.9999999999997944,29.21233629689381,1
cross_flight,GSE234465__to__GSE298393,bridge_mean_linear,100.0,12,12,GSE298393:GSM9013405,1,0.9999999999998903,29.841208835347786,1
cross_flight,GSE234465__to__GSE298393,bridge_mean_linear,100.0,12,12,GSE298393:GSM9013406,1,0.999999999998731,27.39277141829779,1
cross_flight,GSE234465__to__GSE298393,bridge_mean_linear,100.0,12,12,GSE298393:GSM9013410,1,0.999999999996144,26.281397965146322,1
cross_flight,GSE234465__to__GSE298393,bridge_mean_linear,100.0,12,12,GSE298393:GSM9013411,1,0.9999999999995293,28.38447685021018,1
cross_flight,GSE234465__to__GSE298393,bridge_mean_linear,100.0,12,12,GSE298393:GSM9013412,1,0.9999999999991867,27.83761586452853,1
cross_flight,GSE234465__to__GSE298393,bridge_mean_std_linear,1.0,12,12,GSE298393:GSM9013395,0,0.9999999994435673,21.309474783749806,1
cross_flight,GSE234465__to__GSE298393,bridge_mean_std_linear,1.0,12,12,GSE298393:GSM9013396,0,0.999999999915111,23.189675818137342,1
cross_flight,GSE234465__to__GSE298393,bridge_mean_std_linear,1.0,12,12,GSE298393:GSM9013397,0,0.999999999842069,22.56886320301936,1
cross_flight,GSE234465__to__GSE298393,bridge_mean_std_linear,1.0,12,12,GSE298393:GSM9013398,0,0.9999999998846087,22.88269261097203,1
cross_flight,GSE234465__to__GSE298393,bridge_mean_std_linear,1.0,12,12,GSE298393:GSM9013399,0,0.9999999999777136,24.527039779910726,1
cross_flight,GSE234465__to__GSE298393,bridge_mean_std_linear,1.0,12,12,GSE298393:GSM9013400,0,0.9999999997086035,21.956336305292897,1
cross_flight,GSE234465__to__GSE298393,bridge_mean_std_linear,1.0,12,12,GSE298393:GSM9013404,1,0.9999999928416807,18.754990628140085,1
cross_flight,GSE234465__to__GSE298393,bridge_mean_std_linear,1.0,12,12,GSE298393:GSM9013405,1,0.9999999947814517,19.071046582407718,1
cross_flight,GSE234465__to__GSE298393,bridge_mean_std_linear,1.0,12,12,GSE298393:GSM9013406,1,0.9999999965277537,19.47846412814154,1
cross_flight,GSE234465__to__GSE298393,bridge_mean_std_linear,1.0,12,12,GSE298393:GSM9013410,1,0.9999999759580317,17.543464831069176,1
cross_flight,GSE234465__to__GSE298393,bridge_mean_std_linear,1.0,12,12,GSE298393:GSM9013411,1,0.9999999831694958,17.900072847425047,1
cross_flight,GSE234465__to__GSE298393,bridge_mean_std_linear,1.0,12,12,GSE298393:GSM9013412,1,0.9999999801333503,17.734223389236583,1
cross_flight,GSE234465__to__GSE298393,bridge_mean_std_linear,0.01,12,12,GSE298393:GSM9013395,0,0.9995980614124266,7.818809228859031,1
cross_flight,GSE234465__to__GSE298393,bridge_mean_std_linear,0.01,12,12,GSE298393:GSM9013396,0,0.9996106070403585,7.850532076413691,1
cross_flight,GSE234465__to__GSE298393,bridge_mean_std_linear,0.01,12,12,GSE298393:GSM9013397,0,0.9998196581177133,8.620475804368075,1
cross_flight,GSE234465__to__GSE298393,bridge_mean_std_linear,0.01,12,12,GSE298393:GSM9013398,0,0.9999411372272041,9.740242843441823,1
cross_flight,GSE234465__to__GSE298393,bridge_mean_std_linear,0.01,12,12,GSE298393:GSM9013399,0,0.9999652101368321,10.266149711430195,1
cross_flight,GSE234465__to__GSE298393,bridge_mean_std_linear,0.01,12,12,GSE298393:GSM9013400,0,0.9998372100722747,8.722887172138996,1
cross_flight,GSE234465__to__GSE298393,bridge_mean_std_linear,0.01,12,12,GSE298393:GSM9013404,1,0.9982030869069487,6.3198865051141295,1
cross_flight,GSE234465__to__GSE298393,bridge_mean_std_linear,0.01,12,12,GSE298393:GSM9013405,1,0.9987260175046108,6.664332667108515,1
cross_flight,GSE234465__to__GSE298393,bridge_mean_std_linear,0.01,12,12,GSE298393:GSM9013406,1,0.9972781123775236,5.903704061820351,1
cross_flight,GSE234465__to__GSE298393,bridge_mean_std_linear,0.01,12,12,GSE298393:GSM9013410,1,0.9976029873462641,6.0311321544674446,1
cross_flight,GSE234465__to__GSE298393,bridge_mean_std_linear,0.01,12,12,GSE298393:GSM9013411,1,0.9984671459095331,6.479089832591335,1
cross_flight,GSE234465__to__GSE298393,bridge_mean_std_linear,0.01,12,12,GSE298393:GSM9013412,1,0.9982020935297788,6.319332838428702,1
cross_flight,GSE234465__to__GSE298393,bridge_mean_std_linear,100.0,12,12,GSE298393:GSM9013395,0,0.9999999999999996,35.15830334005524,1
cross_flight,GSE234465__to__GSE298393,bridge_mean_std_linear,100.0,12,12,GSE298393:GSM9013396,0,1.0,39.40998909057846,1
cross_flight,GSE234465__to__GSE298393,bridge_mean_std_linear,100.0,12,12,GSE298393:GSM9013397,0,0.9999999999999998,36.5976489511542,1
cross_flight,GSE234465__to__GSE298393,bridge_mean_std_linear,100.0,12,12,GSE298393:GSM9013398,0,0.9999999999999996,35.39106453761832,1
cross_flight,GSE234465__to__GSE298393,bridge_mean_std_linear,100.0,12,12,GSE298393:GSM9013399,0,1.0,38.16624899909432,1
cross_flight,GSE234465__to__GSE298393,bridge_mean_std_linear,100.0,12,12,GSE298393:GSM9013400,0,0.9999999999999993,35.03102367174788,1
cross_flight,GSE234465__to__GSE298393,bridge_mean_std_linear,100.0,12,12,GSE298393:GSM9013404,1,0.9999999999999878,32.038730071430834,1
cross_flight,GSE234465__to__GSE298393,bridge_mean_std_linear,100.0,12,12,GSE298393:GSM9013405,1,0.9999999999999887,32.11339154230623,1
cross_flight,GSE234465__to__GSE298393,bridge_mean_std_linear,100.0,12,12,GSE298393:GSM9013406,1,0.9999999999999987,34.30913086290895,1
cross_flight,GSE234465__to__GSE298393,bridge_mean_std_linear,100.0,12,12,GSE298393:GSM9013410,1,0.999999999999877,29.72702875288037,1
cross_flight,GSE234465__to__GSE298393,bridge_mean_std_linear,100.0,12,12,GSE298393:GSM9013411,1,0.9999999999998817,29.76450408791485,1
cross_flight,GSE234465__to__GSE298393,bridge_mean_std_linear,100.0,12,12,GSE298393:GSM9013412,1,0.9999999999998734,29.69812610680013,1
cross_flight,GSE234465__to__GSE298393,pool_metadata_linear,1.0,12,12,GSE298393:GSM9013395,0,0.5,0.0,1
cross_flight,GSE234465__to__GSE298393,pool_metadata_linear,1.0,12,12,GSE298393:GSM9013396,0,0.5,0.0,1
cross_flight,GSE234465__to__GSE298393,pool_metadata_linear,1.0,12,12,GSE298393:GSM9013397,0,0.5,0.0,1
cross_flight,GSE234465__to__GSE298393,pool_metadata_linear,1.0,12,12,GSE298393:GSM9013398,0,0.5,0.0,1
cross_flight,GSE234465__to__GSE298393,pool_metadata_linear,1.0,12,12,GSE298393:GSM9013399,0,0.5,0.0,1
cross_flight,GSE234465__to__GSE298393,pool_metadata_linear,1.0,12,12,GSE298393:GSM9013400,0,0.5,0.0,1
cross_flight,GSE234465__to__GSE298393,pool_metadata_linear,1.0,12,12,GSE298393:GSM9013404,1,0.5,0.0,1
cross_flight,GSE234465__to__GSE298393,pool_metadata_linear,1.0,12,12,GSE298393:GSM9013405,1,0.5,0.0,1
cross_flight,GSE234465__to__GSE298393,pool_metadata_linear,1.0,12,12,GSE298393:GSM9013406,1,0.5,0.0,1
cross_flight,GSE234465__to__GSE298393,pool_metadata_linear,1.0,12,12,GSE298393:GSM9013410,1,0.5,0.0,1
cross_flight,GSE234465__to__GSE298393,pool_metadata_linear,1.0,12,12,GSE298393:GSM9013411,1,0.5,0.0,1
cross_flight,GSE234465__to__GSE298393,pool_metadata_linear,1.0,12,12,GSE298393:GSM9013412,1,0.5,0.0,1
cross_flight,GSE234465__to__GSE298393,pool_metadata_linear,0.01,12,12,GSE298393:GSM9013395,0,0.5,0.0,1
cross_flight,GSE234465__to__GSE298393,pool_metadata_linear,0.01,12,12,GSE298393:GSM9013396,0,0.5,0.0,1
cross_flight,GSE234465__to__GSE298393,pool_metadata_linear,0.01,12,12,GSE298393:GSM9013397,0,0.5,0.0,1
cross_flight,GSE234465__to__GSE298393,pool_metadata_linear,0.01,12,12,GSE298393:GSM9013398,0,0.5,0.0,1
cross_flight,GSE234465__to__GSE298393,pool_metadata_linear,0.01,12,12,GSE298393:GSM9013399,0,0.5,0.0,1
cross_flight,GSE234465__to__GSE298393,pool_metadata_linear,0.01,12,12,GSE298393:GSM9013400,0,0.5,0.0,1
cross_flight,GSE234465__to__GSE298393,pool_metadata_linear,0.01,12,12,GSE298393:GSM9013404,1,0.5,0.0,1
cross_flight,GSE234465__to__GSE298393,pool_metadata_linear,0.01,12,12,GSE298393:GSM9013405,1,0.5,0.0,1
cross_flight,GSE234465__to__GSE298393,pool_metadata_linear,0.01,12,12,GSE298393:GSM9013406,1,0.5,0.0,1
cross_flight,GSE234465__to__GSE298393,pool_metadata_linear,0.01,12,12,GSE298393:GSM9013410,1,0.5,0.0,1
cross_flight,GSE234465__to__GSE298393,pool_metadata_linear,0.01,12,12,GSE298393:GSM9013411,1,0.5,0.0,1
cross_flight,GSE234465__to__GSE298393,pool_metadata_linear,0.01,12,12,GSE298393:GSM9013412,1,0.5,0.0,1
cross_flight,GSE234465__to__GSE298393,pool_metadata_linear,100.0,12,12,GSE298393:GSM9013395,0,0.5,0.0,1
cross_flight,GSE234465__to__GSE298393,pool_metadata_linear,100.0,12,12,GSE298393:GSM9013396,0,0.5,0.0,1
cross_flight,GSE234465__to__GSE298393,pool_metadata_linear,100.0,12,12,GSE298393:GSM9013397,0,0.5,0.0,1
cross_flight,GSE234465__to__GSE298393,pool_metadata_linear,100.0,12,12,GSE298393:GSM9013398,0,0.5,0.0,1
cross_flight,GSE234465__to__GSE298393,pool_metadata_linear,100.0,12,12,GSE298393:GSM9013399,0,0.5,0.0,1
cross_flight,GSE234465__to__GSE298393,pool_metadata_linear,100.0,12,12,GSE298393:GSM9013400,0,0.5,0.0,1
cross_flight,GSE234465__to__GSE298393,pool_metadata_linear,100.0,12,12,GSE298393:GSM9013404,1,0.5,0.0,1
cross_flight,GSE234465__to__GSE298393,pool_metadata_linear,100.0,12,12,GSE298393:GSM9013405,1,0.5,0.0,1
cross_flight,GSE234465__to__GSE298393,pool_metadata_linear,100.0,12,12,GSE298393:GSM9013406,1,0.5,0.0,1
cross_flight,GSE234465__to__GSE298393,pool_metadata_linear,100.0,12,12,GSE298393:GSM9013410,1,0.5,0.0,1
cross_flight,GSE234465__to__GSE298393,pool_metadata_linear,100.0,12,12,GSE298393:GSM9013411,1,0.5,0.0,1
cross_flight,GSE234465__to__GSE298393,pool_metadata_linear,100.0,12,12,GSE298393:GSM9013412,1,0.5,0.0,1
within_flight_pool,GSE234465__YA__to__OS,expression_linear,1.0,6,6,GSE234465:GSM7469194,0,6.022001729638322e-05,-9.717445525860219,0
within_flight_pool,GSE234465__YA__to__OS,expression_linear,1.0,6,6,GSE234465:GSM7469195,0,0.0003008476312498506,-8.108605736959442,0
within_flight_pool,GSE234465__YA__to__OS,expression_linear,1.0,6,6,GSE234465:GSM7469196,0,3.1989131180436856e-05,-10.350082373827385,0
within_flight_pool,GSE234465__YA__to__OS,expression_linear,1.0,6,6,GSE234465:GSM7469200,1,0.935611708882776,2.676268747840053,1
within_flight_pool,GSE234465__YA__to__OS,expression_linear,1.0,6,6,GSE234465:GSM7469201,1,0.9959664950595427,5.509077907270057,1
within_flight_pool,GSE234465__YA__to__OS,expression_linear,1.0,6,6,GSE234465:GSM7469202,1,0.998544753050573,6.531123361218505,1
within_flight_pool,GSE234465__YA__to__OS,pca5_linear,1.0,6,6,GSE234465:GSM7469194,0,6.0220017296379386e-05,-9.717445525860283,0
within_flight_pool,GSE234465__YA__to__OS,pca5_linear,1.0,6,6,GSE234465:GSM7469195,0,0.0003008476312498185,-8.108605736959548,0
within_flight_pool,GSE234465__YA__to__OS,pca5_linear,1.0,6,6,GSE234465:GSM7469196,0,3.1989131180433955e-05,-10.350082373827476,0
within_flight_pool,GSE234465__YA__to__OS,pca5_linear,1.0,6,6,GSE234465:GSM7469200,1,0.9356117088827786,2.676268747840094,1
within_flight_pool,GSE234465__YA__to__OS,pca5_linear,1.0,6,6,GSE234465:GSM7469201,1,0.9959664950595432,5.509077907270154,1
within_flight_pool,GSE234465__YA__to__OS,pca5_linear,1.0,6,6,GSE234465:GSM7469202,1,0.9985447530505732,6.531123361218659,1
within_flight_pool,GSE234465__YA__to__OS,bridge_mean_linear,1.0,6,6,GSE234465:GSM7469194,0,1.8506001420599988e-05,-10.897396971200488,0
within_flight_pool,GSE234465__YA__to__OS,bridge_mean_linear,1.0,6,6,GSE234465:GSM7469195,0,0.00013162880278451227,-8.935393059410432,0
within_flight_pool,GSE234465__YA__to__OS,bridge_mean_linear,1.0,6,6,GSE234465:GSM7469196,0,1.533077929329452e-07,-15.690818064526155,0
within_flight_pool,GSE234465__YA__to__OS,bridge_mean_linear,1.0,6,6,GSE234465:GSM7469200,1,0.0025597947407574578,-5.965265126479692,0
within_flight_pool,GSE234465__YA__to__OS,bridge_mean_linear,1.0,6,6,GSE234465:GSM7469201,1,0.9466873767221207,2.876795781454261,1
within_flight_pool,GSE234465__YA__to__OS,bridge_mean_linear,1.0,6,6,GSE234465:GSM7469202,1,0.9928057864379253,4.927258031305322,1
within_flight_pool,GSE234465__YA__to__OS,bridge_mean_std_linear,1.0,6,6,GSE234465:GSM7469194,0,2.6145128558253504e-05,-10.551821527740142,0
within_flight_pool,GSE234465__YA__to__OS,bridge_mean_std_linear,1.0,6,6,GSE234465:GSM7469195,0,0.00022802341167813624,-8.385834202069539,0
within_flight_pool,GSE234465__YA__to__OS,bridge_mean_std_linear,1.0,6,6,GSE234465:GSM7469196,0,1.660456487443572e-06,-13.308416340505559,0
within_flight_pool,GSE234465__YA__to__OS,bridge_mean_std_linear,1.0,6,6,GSE234465:GSM7469200,1,0.04552215913970927,-3.0429652059903924,0
within_flight_pool,GSE234465__YA__to__OS,bridge_mean_std_linear,1.0,6,6,GSE234465:GSM7469201,1,0.9845562126768503,4.154984186672882,1
within_flight_pool,GSE234465__YA__to__OS,bridge_mean_std_linear,1.0,6,6,GSE234465:GSM7469202,1,0.9929652735930778,4.949836892692241,1
within_flight_pool,GSE234465__YA__to__OS,pool_metadata_linear,1.0,6,6,GSE234465:GSM7469194,0,0.5,0.0,1
within_flight_pool,GSE234465__YA__to__OS,pool_metadata_linear,1.0,6,6,GSE234465:GSM7469195,0,0.5,0.0,1
within_flight_pool,GSE234465__YA__to__OS,pool_metadata_linear,1.0,6,6,GSE234465:GSM7469196,0,0.5,0.0,1
within_flight_pool,GSE234465__YA__to__OS,pool_metadata_linear,1.0,6,6,GSE234465:GSM7469200,1,0.5,0.0,1
within_flight_pool,GSE234465__YA__to__OS,pool_metadata_linear,1.0,6,6,GSE234465:GSM7469201,1,0.5,0.0,1
within_flight_pool,GSE234465__YA__to__OS,pool_metadata_linear,1.0,6,6,GSE234465:GSM7469202,1,0.5,0.0,1
within_flight_pool,GSE234465__OS__to__YA,expression_linear,1.0,6,6,GSE234465:GSM7469191,0,0.008532098544937482,-4.755351223132282,0
within_flight_pool,GSE234465__OS__to__YA,expression_linear,1.0,6,6,GSE234465:GSM7469192,0,0.026023304574473608,-3.622394910343188,0
within_flight_pool,GSE234465__OS__to__YA,expression_linear,1.0,6,6,GSE234465:GSM7469193,0,0.018988512122825235,-3.94474999867858,0
within_flight_pool,GSE234465__OS__to__YA,expression_linear,1.0,6,6,GSE234465:GSM7469197,1,0.9994535497179559,7.511520630062446,1
within_flight_pool,GSE234465__OS__to__YA,expression_linear,1.0,6,6,GSE234465:GSM7469198,1,0.9484378331910945,2.912028042807001,1
within_flight_pool,GSE234465__OS__to__YA,expression_linear,1.0,6,6,GSE234465:GSM7469199,1,0.9989346009210337,6.843339860957384,1
within_flight_pool,GSE234465__OS__to__YA,pca5_linear,1.0,6,6,GSE234465:GSM7469191,0,0.00853209854493728,-4.755351223132306,0
within_flight_pool,GSE234465__OS__to__YA,pca5_linear,1.0,6,6,GSE234465:GSM7469192,0,0.026023304574474205,-3.6223949103431643,0
within_flight_pool,GSE234465__OS__to__YA,pca5_linear,1.0,6,6,GSE234465:GSM7469193,0,0.018988512122824572,-3.9447499986786156,0
within_flight_pool,GSE234465__OS__to__YA,pca5_linear,1.0,6,6,GSE234465:GSM7469197,1,0.9994535497179559,7.511520630062343,1
within_flight_pool,GSE234465__OS__to__YA,pca5_linear,1.0,6,6,GSE234465:GSM7469198,1,0.9484378331910913,2.9120280428069365,1
within_flight_pool,GSE234465__OS__to__YA,pca5_linear,1.0,6,6,GSE234465:GSM7469199,1,0.9989346009210337,6.843339860957311,1
within_flight_pool,GSE234465__OS__to__YA,bridge_mean_linear,1.0,6,6,GSE234465:GSM7469191,0,0.025400014818257592,-3.647277357784666,0
within_flight_pool,GSE234465__OS__to__YA,bridge_mean_linear,1.0,6,6,GSE234465:GSM7469192,0,0.14216287027985616,-1.7974408818366754,0
within_flight_pool,GSE234465__OS__to__YA,bridge_mean_linear,1.0,6,6,GSE234465:GSM7469193,0,0.24653639246072245,-1.117171099666357,0
within_flight_pool,GSE234465__OS__to__YA,bridge_mean_linear,1.0,6,6,GSE234465:GSM7469197,1,0.9802983926616908,3.9071567844344255,1
within_flight_pool,GSE234465__OS__to__YA,bridge_mean_linear,1.0,6,6,GSE234465:GSM7469198,1,0.09502285182413914,-2.253792284555355,0
within_flight_pool,GSE234465__OS__to__YA,bridge_mean_linear,1.0,6,6,GSE234465:GSM7469199,1,0.9987554702772419,6.687752248355898,1
within_flight_pool,GSE234465__OS__to__YA,bridge_mean_std_linear,1.0,6,6,GSE234465:GSM7469191,0,0.0186198905301597,-3.964729463266623,0
within_flight_pool,GSE234465__OS__to__YA,bridge_mean_std_linear,1.0,6,6,GSE234465:GSM7469192,0,0.015244649343431659,-4.168164656593067,0
within_flight_pool,GSE234465__OS__to__YA,bridge_mean_std_linear,1.0,6,6,GSE234465:GSM7469193,0,0.07472466262372432,-2.5162811619934637,0
within_flight_pool,GSE234465__OS__to__YA,bridge_mean_std_linear,1.0,6,6,GSE234465:GSM7469197,1,0.9615406353668546,3.218934606782686,1
within_flight_pool,GSE234465__OS__to__YA,bridge_mean_std_linear,1.0,6,6,GSE234465:GSM7469198,1,0.21833634542143543,-1.275387796091882,0
within_flight_pool,GSE234465__OS__to__YA,bridge_mean_std_linear,1.0,6,6,GSE234465:GSM7469199,1,0.999892338329395,9.13640926006858,1
within_flight_pool,GSE234465__OS__to__YA,pool_metadata_linear,1.0,6,6,GSE234465:GSM7469191,0,0.5,0.0,1
within_flight_pool,GSE234465__OS__to__YA,pool_metadata_linear,1.0,6,6,GSE234465:GSM7469192,0,0.5,0.0,1
within_flight_pool,GSE234465__OS__to__YA,pool_metadata_linear,1.0,6,6,GSE234465:GSM7469193,0,0.5,0.0,1
within_flight_pool,GSE234465__OS__to__YA,pool_metadata_linear,1.0,6,6,GSE234465:GSM7469197,1,0.5,0.0,1
within_flight_pool,GSE234465__OS__to__YA,pool_metadata_linear,1.0,6,6,GSE234465:GSM7469198,1,0.5,0.0,1
within_flight_pool,GSE234465__OS__to__YA,pool_metadata_linear,1.0,6,6,GSE234465:GSM7469199,1,0.5,0.0,1
cross_flight,GSE298393__to__GSE234465,expression_linear,1.0,12,12,GSE234465:GSM7469191,0,0.9999770924355097,10.68402046703427,1
cross_flight,GSE298393__to__GSE234465,expression_linear,1.0,12,12,GSE234465:GSM7469192,0,0.9999773275402961,10.694336926224308,1
cross_flight,GSE298393__to__GSE234465,expression_linear,1.0,12,12,GSE234465:GSM7469193,0,0.9999614078702084,10.162423600818869,1
cross_flight,GSE298393__to__GSE234465,expression_linear,1.0,12,12,GSE234465:GSM7469194,0,0.9999988557641649,13.680772392526316,1
cross_flight,GSE298393__to__GSE234465,expression_linear,1.0,12,12,GSE234465:GSM7469195,0,0.9999992492056419,14.102133295922727,1
cross_flight,GSE298393__to__GSE234465,expression_linear,1.0,12,12,GSE234465:GSM7469196,0,0.9999990574046708,13.87462783498825,1
cross_flight,GSE298393__to__GSE234465,expression_linear,1.0,12,12,GSE234465:GSM7469197,1,0.9994686556784356,7.5395688214758145,1
cross_flight,GSE298393__to__GSE234465,expression_linear,1.0,12,12,GSE234465:GSM7469198,1,0.9998147178896335,8.593445674220357,1
cross_flight,GSE298393__to__GSE234465,expression_linear,1.0,12,12,GSE234465:GSM7469199,1,0.6755096247080027,0.7332115299839795,1
cross_flight,GSE298393__to__GSE234465,expression_linear,1.0,12,12,GSE234465:GSM7469200,1,0.999910765937168,9.324158482914168,1
cross_flight,GSE298393__to__GSE234465,expression_linear,1.0,12,12,GSE234465:GSM7469201,1,0.9991623992159334,7.0841310105537545,1
cross_flight,GSE298393__to__GSE234465,expression_linear,1.0,12,12,GSE234465:GSM7469202,1,0.9925615118708107,4.893621367583818,1
cross_flight,GSE298393__to__GSE234465,expression_linear,0.01,12,12,GSE234465:GSM7469191,0,0.9967175132583271,5.715866104970123,1
cross_flight,GSE298393__to__GSE234465,expression_linear,0.01,12,12,GSE234465:GSM7469192,0,0.9967625402053616,5.729723558972201,1
cross_flight,GSE298393__to__GSE234465,expression_linear,0.01,12,12,GSE234465:GSM7469193,0,0.9955629064196201,5.41330874919881,1
cross_flight,GSE298393__to__GSE234465,expression_linear,0.01,12,12,GSE234465:GSM7469194,0,0.9993648089840069,7.360949398883608,1
cross_flight,GSE298393__to__GSE234465,expression_linear,0.01,12,12,GSE234465:GSM7469195,0,0.9994793409398826,7.559894330939018,1
cross_flight,GSE298393__to__GSE234465,expression_linear,0.01,12,12,GSE234465:GSM7469196,0,0.9994530901724457,7.510679558772058,1
cross_flight,GSE298393__to__GSE234465,expression_linear,0.01,12,12,GSE234465:GSM7469197,1,0.9810821080805094,3.9485480177417567,1
cross_flight,GSE298393__to__GSE234465,expression_linear,0.01,12,12,GSE234465:GSM7469198,1,0.9902129970993323,4.616864797749383,1
cross_flight,GSE298393__to__GSE234465,expression_linear,0.01,12,12,GSE234465:GSM7469199,1,0.5965060171794471,0.3909277538288556,1
cross_flight,GSE298393__to__GSE234465,expression_linear,0.01,12,12,GSE234465:GSM7469200,1,0.9932363438047216,4.989405044465143,1
cross_flight,GSE298393__to__GSE234465,expression_linear,0.01,12,12,GSE234465:GSM7469201,1,0.9764573685176944,3.7251182086538894,1
cross_flight,GSE298393__to__GSE234465,expression_linear,0.01,12,12,GSE234465:GSM7469202,1,0.9254006420919796,2.5180948702845254,1
cross_flight,GSE298393__to__GSE234465,expression_linear,100.0,12,12,GSE234465:GSM7469191,0,0.9999988351526692,13.662919361236733,1
cross_flight,GSE298393__to__GSE234465,expression_linear,100.0,12,12,GSE234465:GSM7469192,0,0.9999987284133676,13.575243848743568,1
cross_flight,GSE298393__to__GSE234465,expression_linear,100.0,12,12,GSE234465:GSM7469193,0,0.9999977125944954,12.988090062739253,1
cross_flight,GSE298393__to__GSE234465,expression_linear,100.0,12,12,GSE234465:GSM7469194,0,0.9999999686187441,17.277055034998607,1
cross_flight,GSE298393__to__GSE234465,expression_linear,100.0,12,12,GSE234465:GSM7469195,0,0.9999999839876659,17.9499065106126,1
cross_flight,GSE298393__to__GSE234465,expression_linear,100.0,12,12,GSE234465:GSM7469196,0,0.9999999703246651,17.33294958412421,1
cross_flight,GSE298393__to__GSE234465,expression_linear,100.0,12,12,GSE234465:GSM7469197,1,0.9999421134970023,9.756968421230326,1
cross_flight,GSE298393__to__GSE234465,expression_linear,100.0,12,12,GSE234465:GSM7469198,1,0.9999813318865893,10.888674986463181,1
cross_flight,GSE298393__to__GSE234465,expression_linear,100.0,12,12,GSE234465:GSM7469199,1,0.6547975665336624,0.6401951205161175,1
cross_flight,GSE298393__to__GSE234465,expression_linear,100.0,12,12,GSE234465:GSM7469200,1,0.9999914773607915,11.672775976168504,1
cross_flight,GSE298393__to__GSE234465,expression_linear,100.0,12,12,GSE234465:GSM7469201,1,0.9998851993388136,9.07219850738043,1
cross_flight,GSE298393__to__GSE234465,expression_linear,100.0,12,12,GSE234465:GSM7469202,1,0.9981383092700643,6.284406783723467,1
cross_flight,GSE298393__to__GSE234465,pca5_linear,1.0,12,12,GSE234465:GSM7469191,0,0.9999769973594814,10.679878540565749,1
cross_flight,GSE298393__to__GSE234465,pca5_linear,1.0,12,12,GSE234465:GSM7469192,0,0.999982240556476,10.93857539439619,1
cross_flight,GSE298393__to__GSE234465,pca5_linear,1.0,12,12,GSE234465:GSM7469193,0,0.9999575672435856,10.067547503396877,1
cross_flight,GSE298393__to__GSE234465,pca5_linear,1.0,12,12,GSE234465:GSM7469194,0,0.9999993835590725,14.299302721498403,1
cross_flight,GSE298393__to__GSE234465,pca5_linear,1.0,12,12,GSE234465:GSM7469195,0,0.9999996174829147,14.776492134851347,1
cross_flight,GSE298393__to__GSE234465,pca5_linear,1.0,12,12,GSE234465:GSM7469196,0,0.9999996686973168,14.92023309746338,1
cross_flight,GSE298393__to__GSE234465,pca5_linear,1.0,12,12,GSE234465:GSM7469197,1,0.9990275570825368,6.934726264843509,1
cross_flight,GSE298393__to__GSE234465,pca5_linear,1.0,12,12,GSE234465:GSM7469198,1,0.9998693260692866,8.942674733724298,1
cross_flight,GSE298393__to__GSE234465,pca5_linear,1.0,12,12,GSE234465:GSM7469199,1,0.491598056651495,-0.03361093721252941,0
cross_flight,GSE298393__to__GSE234465,pca5_linear,1.0,12,12,GSE234465:GSM7469200,1,0.9999209601329001,9.445479142963409,1
cross_flight,GSE298393__to__GSE234465,pca5_linear,1.0,12,12,GSE234465:GSM7469201,1,0.9990435274924911,6.951301582080949,1
cross_flight,GSE298393__to__GSE234465,pca5_linear,1.0,12,12,GSE234465:GSM7469202,1,0.9868726298097628,4.319841605197448,1
cross_flight,GSE298393__to__GSE234465,pca5_linear,0.01,12,12,GSE234465:GSM7469191,0,0.9964457229754634,5.636042996560533,1
cross_flight,GSE298393__to__GSE234465,pca5_linear,0.01,12,12,GSE234465:GSM7469192,0,0.9966863788182271,5.706394551586056,1
cross_flight,GSE298393__to__GSE234465,pca5_linear,0.01,12,12,GSE234465:GSM7469193,0,0.9950090380553319,5.295123154922636,1
cross_flight,GSE298393__to__GSE234465,pca5_linear,0.01,12,12,GSE234465:GSM7469194,0,0.9994231463240419,7.457344898023186,1
cross_flight,GSE298393__to__GSE234465,pca5_linear,0.01,12,12,GSE234465:GSM7469195,0,0.9995346930016955,7.672347743525943,1
cross_flight,GSE298393__to__GSE234465,pca5_linear,0.01,12,12,GSE234465:GSM7469196,0,0.9995672283396747,7.744867447082464,1
cross_flight,GSE298393__to__GSE234465,pca5_linear,0.01,12,12,GSE234465:GSM7469197,1,0.974568770619054,3.6460171646244794,1
cross_flight,GSE298393__to__GSE234465,pca5_linear,0.01,12,12,GSE234465:GSM7469198,1,0.9906391190769203,4.661810907885466,1
cross_flight,GSE298393__to__GSE234465,pca5_linear,0.01,12,12,GSE234465:GSM7469199,1,0.5298626939881016,0.11959311254505219,1
cross_flight,GSE298393__to__GSE234465,pca5_linear,0.01,12,12,GSE234465:GSM7469200,1,0.9926326234216969,4.903298945940109,1
cross_flight,GSE298393__to__GSE234465,pca5_linear,0.01,12,12,GSE234465:GSM7469201,1,0.9731702776111915,3.5910487522185033,1
cross_flight,GSE298393__to__GSE234465,pca5_linear,0.01,12,12,GSE234465:GSM7469202,1,0.9057689608347307,2.2630346332819715,1
cross_flight,GSE298393__to__GSE234465,pca5_linear,100.0,12,12,GSE234465:GSM7469191,0,0.9999990498839432,13.866680744655627,1
cross_flight,GSE298393__to__GSE234465,pca5_linear,100.0,12,12,GSE234465:GSM7469192,0,0.9999993048244661,14.179100761290455,1
cross_flight,GSE298393__to__GSE234465,pca5_linear,100.0,12,12,GSE234465:GSM7469193,0,0.9999978425945683,13.04660208984888,1
cross_flight,GSE298393__to__GSE234465,pca5_linear,100.0,12,12,GSE234465:GSM7469194,0,0.9999999907489424,18.498527952897692,1
cross_flight,GSE298393__to__GSE234465,pca5_linear,100.0,12,12,GSE234465:GSM7469195,0,0.9999999956085899,19.243615453741423,1
cross_flight,GSE298393__to__GSE234465,pca5_linear,100.0,12,12,GSE234465:GSM7469196,0,0.9999999955188663,19.22338978258972,1
cross_flight,GSE298393__to__GSE234465,pca5_linear,100.0,12,12,GSE234465:GSM7469197,1,0.9998769663250925,9.002929419082097,1
cross_flight,GSE298393__to__GSE234465,pca5_linear,100.0,12,12,GSE234465:GSM7469198,1,0.9999907679142427,11.592816326989363,1
cross_flight,GSE298393__to__GSE234465,pca5_linear,100.0,12,12,GSE234465:GSM7469199,1,0.38802945615410195,-0.4556028957186418,0
cross_flight,GSE298393__to__GSE234465,pca5_linear,100.0,12,12,GSE234465:GSM7469200,1,0.999994415523249,12.095514233578724,1
cross_flight,GSE298393__to__GSE234465,pca5_linear,100.0,12,12,GSE234465:GSM7469201,1,0.9998785528663628,9.015910049462244,1
cross_flight,GSE298393__to__GSE234465,pca5_linear,100.0,12,12,GSE234465:GSM7469202,1,0.995942072116222,5.503016625492275,1
cross_flight,GSE298393__to__GSE234465,bridge_mean_linear,1.0,12,12,GSE234465:GSM7469191,0,0.9999999999649569,24.074444503922738,1
cross_flight,GSE298393__to__GSE234465,bridge_mean_linear,1.0,12,12,GSE234465:GSM7469192,0,0.9999999999710776,24.26640145537832,1
cross_flight,GSE298393__to__GSE234465,bridge_mean_linear,1.0,12,12,GSE234465:GSM7469193,0,0.9999999998689078,22.755119989148845,1
cross_flight,GSE298393__to__GSE234465,bridge_mean_linear,1.0,12,12,GSE234465:GSM7469194,0,0.9999999999961859,26.29230344579786,1
cross_flight,GSE298393__to__GSE234465,bridge_mean_linear,1.0,12,12,GSE234465:GSM7469195,0,0.9999999999961899,26.293347328255088,1
cross_flight,GSE298393__to__GSE234465,bridge_mean_linear,1.0,12,12,GSE234465:GSM7469196,0,0.9999999999931819,25.711425873418474,1
cross_flight,GSE298393__to__GSE234465,bridge_mean_linear,1.0,12,12,GSE234465:GSM7469197,1,0.9999999857442026,18.06610216373124,1
cross_flight,GSE298393__to__GSE234465,bridge_mean_linear,1.0,12,12,GSE234465:GSM7469198,1,0.999999999323884,21.11465627608363,1
cross_flight,GSE298393__to__GSE234465,bridge_mean_linear,1.0,12,12,GSE234465:GSM7469199,1,0.9999991157998995,13.938581557683893,1
cross_flight,GSE298393__to__GSE234465,bridge_mean_linear,1.0,12,12,GSE234465:GSM7469200,1,0.9999999946003797,19.036937213436637,1
cross_flight,GSE298393__to__GSE234465,bridge_mean_linear,1.0,12,12,GSE234465:GSM7469201,1,0.9999999798600441,17.720560114778454,1
cross_flight,GSE298393__to__GSE234465,bridge_mean_linear,1.0,12,12,GSE234465:GSM7469202,1,0.9999998190126057,15.524838271319418,1
cross_flight,GSE298393__to__GSE234465,bridge_mean_linear,0.01,12,12,GSE234465:GSM7469191,0,0.9982620081159247,6.353285417897629,1
cross_flight,GSE298393__to__GSE234465,bridge_mean_linear,0.01,12,12,GSE234465:GSM7469192,0,0.9981511364437882,6.291333547773296,1
cross_flight,GSE298393__to__GSE234465,bridge_mean_linear,0.01,12,12,GSE234465:GSM7469193,0,0.9972156918763561,5.880967674518359,1
cross_flight,GSE298393__to__GSE234465,bridge_mean_linear,0.01,12,12,GSE234465:GSM7469194,0,0.9993758079820141,7.378428128892982,1
cross_flight,GSE298393__to__GSE234465,bridge_mean_linear,0.01,12,12,GSE234465:GSM7469195,0,0.9992908070216252,7.250673440007338,1
cross_flight,GSE298393__to__GSE234465,bridge_mean_linear,0.01,12,12,GSE234465:GSM7469196,0,0.9994836854455613,7.568277928698349,1
cross_flight,GSE298393__to__GSE234465,bridge_mean_linear,0.01,12,12,GSE234465:GSM7469197,1,0.9860370600561341,4.257287267300342,1
cross_flight,GSE298393__to__GSE234465,bridge_mean_linear,0.01,12,12,GSE234465:GSM7469198,1,0.996325346220748,5.602614938577805,1
cross_flight,GSE298393__to__GSE234465,bridge_mean_linear,0.01,12,12,GSE234465:GSM7469199,1,0.9593739200145788,3.161870680504158,1
cross_flight,GSE298393__to__GSE234465,bridge_mean_linear,0.01,12,12,GSE234465:GSM7469200,1,0.9936715821787467,5.056356496175348,1
cross_flight,GSE298393__to__GSE234465,bridge_mean_linear,0.01,12,12,GSE234465:GSM7469201,1,0.9846653870733475,4.162189318825803,1
cross_flight,GSE298393__to__GSE234465,bridge_mean_linear,0.01,12,12,GSE234465:GSM7469202,1,0.9669280377253866,3.375438212379139,1
cross_flight,GSE298393__to__GSE234465,bridge_mean_linear,100.0,12,12,GSE234465:GSM7469191,0,1.0,45.37145425309852,1
cross_flight,GSE298393__to__GSE234465,bridge_mean_linear,100.0,12,12,GSE234465:GSM7469192,0,1.0,46.08203537439175,1
cross_flight,GSE298393__to__GSE234465,bridge_mean_linear,100.0,12,12,GSE234465:GSM7469193,0,1.0,43.00259086063437,1
cross_flight,GSE298393__to__GSE234465,bridge_mean_linear,100.0,12,12,GSE234465:GSM7469194,0,1.0,49.08371366868214,1
cross_flight,GSE298393__to__GSE234465,bridge_mean_linear,100.0,12,12,GSE234465:GSM7469195,0,1.0,49.3020411281548,1
cross_flight,GSE298393__to__GSE234465,bridge_mean_linear,100.0,12,12,GSE234465:GSM7469196,0,1.0,47.29928573344637,1
cross_flight,GSE298393__to__GSE234465,bridge_mean_linear,100.0,12,12,GSE234465:GSM7469197,1,0.9999999999999991,34.678942893632765,1
cross_flight,GSE298393__to__GSE234465,bridge_mean_linear,100.0,12,12,GSE234465:GSM7469198,1,1.0,40.30011622442317,1
cross_flight,GSE298393__to__GSE234465,bridge_mean_linear,100.0,12,12,GSE234465:GSM7469199,1,0.9999999999982907,27.094970362356243,1
cross_flight,GSE298393__to__GSE234465,bridge_mean_linear,100.0,12,12,GSE234465:GSM7469200,1,0.9999999999999996,35.49924047264729,1
cross_flight,GSE298393__to__GSE234465,bridge_mean_linear,100.0,12,12,GSE234465:GSM7469201,1,0.9999999999999984,34.15014819667333,1
cross_flight,GSE298393__to__GSE234465,bridge_mean_linear,100.0,12,12,GSE234465:GSM7469202,1,0.9999999999999145,30.090323717579317,1
cross_flight,GSE298393__to__GSE234465,bridge_mean_std_linear,1.0,12,12,GSE234465:GSM7469191,0,0.9999999999999911,32.365405123959924,1
cross_flight,GSE298393__to__GSE234465,bridge_mean_std_linear,1.0,12,12,GSE234465:GSM7469192,0,0.9999999999999996,35.32624067385921,1
cross_flight,GSE298393__to__GSE234465,bridge_mean_std_linear,1.0,12,12,GSE234465:GSM7469193,0,0.9999999999999833,31.731952561882313,1
cross_flight,GSE298393__to__GSE234465,bridge_mean_std_linear,1.0,12,12,GSE234465:GSM7469194,0,1.0,38.97096465736574,1
cross_flight,GSE298393__to__GSE234465,bridge_mean_std_linear,1.0,12,12,GSE234465:GSM7469195,0,1.0,39.204881555978496,1
cross_flight,GSE298393__to__GSE234465,bridge_mean_std_linear,1.0,12,12,GSE234465:GSM7469196,0,1.0,38.739089721292665,1
cross_flight,GSE298393__to__GSE234465,bridge_mean_std_linear,1.0,12,12,GSE234465:GSM7469197,1,0.999999999999539,28.40538370533511,1
cross_flight,GSE298393__to__GSE234465,bridge_mean_std_linear,1.0,12,12,GSE234465:GSM7469198,1,0.9999999999999787,31.4806323114501,1
cross_flight,GSE298393__to__GSE234465,bridge_mean_std_linear,1.0,12,12,GSE234465:GSM7469199,1,0.9999999923943753,18.69437774757151,1
cross_flight,GSE298393__to__GSE234465,bridge_mean_std_linear,1.0,12,12,GSE234465:GSM7469200,1,0.9999999999998899,29.836242949590776,1
cross_flight,GSE298393__to__GSE234465,bridge_mean_std_linear,1.0,12,12,GSE234465:GSM7469201,1,0.9999999999949214,26.006000415301155,1
cross_flight,GSE298393__to__GSE234465,bridge_mean_std_linear,1.0,12,12,GSE234465:GSM7469202,1,0.999999999970165,24.235335434254687,1
cross_flight,GSE298393__to__GSE234465,bridge_mean_std_linear,0.01,12,12,GSE234465:GSM7469191,0,0.9999942694584643,12.069694792298638,1
cross_flight,GSE298393__to__GSE234465,bridge_mean_std_linear,0.01,12,12,GSE234465:GSM7469192,0,0.9999979222518107,13.084223774302272,1
cross_flight,GSE298393__to__GSE234465,bridge_mean_std_linear,0.01,12,12,GSE234465:GSM7469193,0,0.999991762360954,11.706788540974005,1
cross_flight,GSE298393__to__GSE234465,bridge_mean_std_linear,0.01,12,12,GSE234465:GSM7469194,0,0.9999995407884271,14.593754331102799,1
cross_flight,GSE298393__to__GSE234465,bridge_mean_std_linear,0.01,12,12,GSE234465:GSM7469195,0,0.9999995629911702,14.643311999391642,1
cross_flight,GSE298393__to__GSE234465,bridge_mean_std_linear,0.01,12,12,GSE234465:GSM7469196,0,0.9999995129335008,14.534864687393865,1
cross_flight,GSE298393__to__GSE234465,bridge_mean_std_linear,0.01,12,12,GSE234465:GSM7469197,1,0.9999691513947794,10.38638817120532,1
cross_flight,GSE298393__to__GSE234465,bridge_mean_std_linear,0.01,12,12,GSE234465:GSM7469198,1,0.9999918489225388,11.717352284503256,1
cross_flight,GSE298393__to__GSE234465,bridge_mean_std_linear,0.01,12,12,GSE234465:GSM7469199,1,0.9984255574368224,6.45227831419272,1
cross_flight,GSE298393__to__GSE234465,bridge_mean_std_linear,0.01,12,12,GSE234465:GSM7469200,1,0.9999808720439455,10.864340497114172,1
cross_flight,GSE298393__to__GSE234465,bridge_mean_std_linear,0.01,12,12,GSE234465:GSM7469201,1,0.9999075520371309,9.288772183085415,1
cross_flight,GSE298393__to__GSE234465,bridge_mean_std_linear,0.01,12,12,GSE234465:GSM7469202,1,0.9997986354038004,8.51019199674221,1
cross_flight,GSE298393__to__GSE234465,bridge_mean_std_linear,100.0,12,12,GSE234465:GSM7469191,0,1.0,54.744631463023175,1
cross_flight,GSE298393__to__GSE234465,bridge_mean_std_linear,100.0,12,12,GSE234465:GSM7469192,0,1.0,59.82157117487326,1
cross_flight,GSE298393__to__GSE234465,bridge_mean_std_linear,100.0,12,12,GSE234465:GSM7469193,0,1.0,53.87793988371605,1
cross_flight,GSE298393__to__GSE234465,bridge_mean_std_linear,100.0,12,12,GSE234465:GSM7469194,0,1.0,65.36043563716194,1
cross_flight,GSE298393__to__GSE234465,bridge_mean_std_linear,100.0,12,12,GSE234465:GSM7469195,0,1.0,65.90385147994013,1
cross_flight,GSE298393__to__GSE234465,bridge_mean_std_linear,100.0,12,12,GSE234465:GSM7469196,0,1.0,64.56633272497113,1
cross_flight,GSE298393__to__GSE234465,bridge_mean_std_linear,100.0,12,12,GSE234465:GSM7469197,1,1.0,48.73456223995626,1
cross_flight,GSE298393__to__GSE234465,bridge_mean_std_linear,100.0,12,12,GSE234465:GSM7469198,1,1.0,53.333299246042024,1
cross_flight,GSE298393__to__GSE234465,bridge_mean_std_linear,100.0,12,12,GSE234465:GSM7469199,1,0.9999999999999927,32.54188520848195,1
cross_flight,GSE298393__to__GSE234465,bridge_mean_std_linear,100.0,12,12,GSE234465:GSM7469200,1,1.0,50.44968979079953,1
cross_flight,GSE298393__to__GSE234465,bridge_mean_std_linear,100.0,12,12,GSE234465:GSM7469201,1,1.0,44.716711114709774,1
cross_flight,GSE298393__to__GSE234465,bridge_mean_std_linear,100.0,12,12,GSE234465:GSM7469202,1,1.0,42.085502235107064,1
cross_flight,GSE298393__to__GSE234465,pool_metadata_linear,1.0,12,12,GSE234465:GSM7469191,0,0.5,0.0,1
cross_flight,GSE298393__to__GSE234465,pool_metadata_linear,1.0,12,12,GSE234465:GSM7469192,0,0.5,0.0,1
cross_flight,GSE298393__to__GSE234465,pool_metadata_linear,1.0,12,12,GSE234465:GSM7469193,0,0.5,0.0,1
cross_flight,GSE298393__to__GSE234465,pool_metadata_linear,1.0,12,12,GSE234465:GSM7469194,0,0.5,0.0,1
cross_flight,GSE298393__to__GSE234465,pool_metadata_linear,1.0,12,12,GSE234465:GSM7469195,0,0.5,0.0,1
cross_flight,GSE298393__to__GSE234465,pool_metadata_linear,1.0,12,12,GSE234465:GSM7469196,0,0.5,0.0,1
cross_flight,GSE298393__to__GSE234465,pool_metadata_linear,1.0,12,12,GSE234465:GSM7469197,1,0.5,0.0,1
cross_flight,GSE298393__to__GSE234465,pool_metadata_linear,1.0,12,12,GSE234465:GSM7469198,1,0.5,0.0,1
cross_flight,GSE298393__to__GSE234465,pool_metadata_linear,1.0,12,12,GSE234465:GSM7469199,1,0.5,0.0,1
cross_flight,GSE298393__to__GSE234465,pool_metadata_linear,1.0,12,12,GSE234465:GSM7469200,1,0.5,0.0,1
cross_flight,GSE298393__to__GSE234465,pool_metadata_linear,1.0,12,12,GSE234465:GSM7469201,1,0.5,0.0,1
cross_flight,GSE298393__to__GSE234465,pool_metadata_linear,1.0,12,12,GSE234465:GSM7469202,1,0.5,0.0,1
cross_flight,GSE298393__to__GSE234465,pool_metadata_linear,0.01,12,12,GSE234465:GSM7469191,0,0.5,0.0,1
cross_flight,GSE298393__to__GSE234465,pool_metadata_linear,0.01,12,12,GSE234465:GSM7469192,0,0.5,0.0,1
cross_flight,GSE298393__to__GSE234465,pool_metadata_linear,0.01,12,12,GSE234465:GSM7469193,0,0.5,0.0,1
cross_flight,GSE298393__to__GSE234465,pool_metadata_linear,0.01,12,12,GSE234465:GSM7469194,0,0.5,0.0,1
cross_flight,GSE298393__to__GSE234465,pool_metadata_linear,0.01,12,12,GSE234465:GSM7469195,0,0.5,0.0,1
cross_flight,GSE298393__to__GSE234465,pool_metadata_linear,0.01,12,12,GSE234465:GSM7469196,0,0.5,0.0,1
cross_flight,GSE298393__to__GSE234465,pool_metadata_linear,0.01,12,12,GSE234465:GSM7469197,1,0.5,0.0,1
cross_flight,GSE298393__to__GSE234465,pool_metadata_linear,0.01,12,12,GSE234465:GSM7469198,1,0.5,0.0,1
cross_flight,GSE298393__to__GSE234465,pool_metadata_linear,0.01,12,12,GSE234465:GSM7469199,1,0.5,0.0,1
cross_flight,GSE298393__to__GSE234465,pool_metadata_linear,0.01,12,12,GSE234465:GSM7469200,1,0.5,0.0,1
cross_flight,GSE298393__to__GSE234465,pool_metadata_linear,0.01,12,12,GSE234465:GSM7469201,1,0.5,0.0,1
cross_flight,GSE298393__to__GSE234465,pool_metadata_linear,0.01,12,12,GSE234465:GSM7469202,1,0.5,0.0,1
cross_flight,GSE298393__to__GSE234465,pool_metadata_linear,100.0,12,12,GSE234465:GSM7469191,0,0.5,0.0,1
cross_flight,GSE298393__to__GSE234465,pool_metadata_linear,100.0,12,12,GSE234465:GSM7469192,0,0.5,0.0,1
cross_flight,GSE298393__to__GSE234465,pool_metadata_linear,100.0,12,12,GSE234465:GSM7469193,0,0.5,0.0,1
cross_flight,GSE298393__to__GSE234465,pool_metadata_linear,100.0,12,12,GSE234465:GSM7469194,0,0.5,0.0,1
cross_flight,GSE298393__to__GSE234465,pool_metadata_linear,100.0,12,12,GSE234465:GSM7469195,0,0.5,0.0,1
cross_flight,GSE298393__to__GSE234465,pool_metadata_linear,100.0,12,12,GSE234465:GSM7469196,0,0.5,0.0,1
cross_flight,GSE298393__to__GSE234465,pool_metadata_linear,100.0,12,12,GSE234465:GSM7469197,1,0.5,0.0,1
cross_flight,GSE298393__to__GSE234465,pool_metadata_linear,100.0,12,12,GSE234465:GSM7469198,1,0.5,0.0,1
cross_flight,GSE298393__to__GSE234465,pool_metadata_linear,100.0,12,12,GSE234465:GSM7469199,1,0.5,0.0,1
cross_flight,GSE298393__to__GSE234465,pool_metadata_linear,100.0,12,12,GSE234465:GSM7469200,1,0.5,0.0,1
cross_flight,GSE298393__to__GSE234465,pool_metadata_linear,100.0,12,12,GSE234465:GSM7469201,1,0.5,0.0,1
cross_flight,GSE298393__to__GSE234465,pool_metadata_linear,100.0,12,12,GSE234465:GSM7469202,1,0.5,0.0,1
within_flight_pool,GSE298393__YA__to__OS,expression_linear,1.0,6,6,GSE298393:GSM9013398,0,0.0009863897959048792,-6.920472074353369,0
within_flight_pool,GSE298393__YA__to__OS,expression_linear,1.0,6,6,GSE298393:GSM9013399,0,0.0012448169602336514,-6.687521187378156,0
within_flight_pool,GSE298393__YA__to__OS,expression_linear,1.0,6,6,GSE298393:GSM9013400,0,0.001854134850868602,-6.288481223500634,0
within_flight_pool,GSE298393__YA__to__OS,expression_linear,1.0,6,6,GSE298393:GSM9013410,1,0.99520600609483,5.335585892363885,1
within_flight_pool,GSE298393__YA__to__OS,expression_linear,1.0,6,6,GSE298393:GSM9013411,1,0.9848126534126503,4.17198880369551,1
within_flight_pool,GSE298393__YA__to__OS,expression_linear,1.0,6,6,GSE298393:GSM9013412,1,0.9909562671979261,4.696598393625172,1
within_flight_pool,GSE298393__YA__to__OS,pca5_linear,1.0,6,6,GSE298393:GSM9013398,0,0.000986389795904868,-6.9204720743533805,0
within_flight_pool,GSE298393__YA__to__OS,pca5_linear,1.0,6,6,GSE298393:GSM9013399,0,0.0012448169602336126,-6.687521187378187,0
within_flight_pool,GSE298393__YA__to__OS,pca5_linear,1.0,6,6,GSE298393:GSM9013400,0,0.001854134850868563,-6.288481223500655,0
within_flight_pool,GSE298393__YA__to__OS,pca5_linear,1.0,6,6,GSE298393:GSM9013410,1,0.9952060060948305,5.335585892363952,1
within_flight_pool,GSE298393__YA__to__OS,pca5_linear,1.0,6,6,GSE298393:GSM9013411,1,0.984812653412651,4.171988803695554,1
within_flight_pool,GSE298393__YA__to__OS,pca5_linear,1.0,6,6,GSE298393:GSM9013412,1,0.9909562671979265,4.696598393625219,1
within_flight_pool,GSE298393__YA__to__OS,bridge_mean_linear,1.0,6,6,GSE298393:GSM9013398,0,0.0033447935025901795,-5.696999920635207,0
within_flight_pool,GSE298393__YA__to__OS,bridge_mean_linear,1.0,6,6,GSE298393:GSM9013399,0,0.0030153839647823364,-5.801008166013345,0
within_flight_pool,GSE298393__YA__to__OS,bridge_mean_linear,1.0,6,6,GSE298393:GSM9013400,0,0.005973079997719019,-5.114501581903962,0
within_flight_pool,GSE298393__YA__to__OS,bridge_mean_linear,1.0,6,6,GSE298393:GSM9013410,1,0.9925501239802798,4.892080123432342,1
within_flight_pool,GSE298393__YA__to__OS,bridge_mean_linear,1.0,6,6,GSE298393:GSM9013411,1,0.9815212150373519,3.972480313118619,1
within_flight_pool,GSE298393__YA__to__OS,bridge_mean_linear,1.0,6,6,GSE298393:GSM9013412,1,0.9821663589420604,4.008674081627424,1
within_flight_pool,GSE298393__YA__to__OS,bridge_mean_std_linear,1.0,6,6,GSE298393:GSM9013398,0,0.0003349627361602159,-8.001156248820248,0
within_flight_pool,GSE298393__YA__to__OS,bridge_mean_std_linear,1.0,6,6,GSE298393:GSM9013399,0,0.00035624821684194765,-7.939526520061564,0
within_flight_pool,GSE298393__YA__to__OS,bridge_mean_std_linear,1.0,6,6,GSE298393:GSM9013400,0,0.0013730857092535507,-6.589320700087107,0
within_flight_pool,GSE298393__YA__to__OS,bridge_mean_std_linear,1.0,6,6,GSE298393:GSM9013410,1,0.9964161476102686,5.627726680844717,1
within_flight_pool,GSE298393__YA__to__OS,bridge_mean_std_linear,1.0,6,6,GSE298393:GSM9013411,1,0.9848499525152411,4.174485630838492,1
within_flight_pool,GSE298393__YA__to__OS,bridge_mean_std_linear,1.0,6,6,GSE298393:GSM9013412,1,0.9935004206165593,5.029497020792334,1
within_flight_pool,GSE298393__YA__to__OS,pool_metadata_linear,1.0,6,6,GSE298393:GSM9013398,0,0.5,0.0,1
within_flight_pool,GSE298393__YA__to__OS,pool_metadata_linear,1.0,6,6,GSE298393:GSM9013399,0,0.5,0.0,1
within_flight_pool,GSE298393__YA__to__OS,pool_metadata_linear,1.0,6,6,GSE298393:GSM9013400,0,0.5,0.0,1
within_flight_pool,GSE298393__YA__to__OS,pool_metadata_linear,1.0,6,6,GSE298393:GSM9013410,1,0.5,0.0,1
within_flight_pool,GSE298393__YA__to__OS,pool_metadata_linear,1.0,6,6,GSE298393:GSM9013411,1,0.5,0.0,1
within_flight_pool,GSE298393__YA__to__OS,pool_metadata_linear,1.0,6,6,GSE298393:GSM9013412,1,0.5,0.0,1
within_flight_pool,GSE298393__OS__to__YA,expression_linear,1.0,6,6,GSE298393:GSM9013395,0,0.6254534285441452,0.5127607207864309,1
within_flight_pool,GSE298393__OS__to__YA,expression_linear,1.0,6,6,GSE298393:GSM9013396,0,0.8942853751283012,2.135281690405701,1
within_flight_pool,GSE298393__OS__to__YA,expression_linear,1.0,6,6,GSE298393:GSM9013397,0,0.05303083713599017,-2.8823929525746994,0
within_flight_pool,GSE298393__OS__to__YA,expression_linear,1.0,6,6,GSE298393:GSM9013404,1,0.9996446532662362,7.942061120452096,1
within_flight_pool,GSE298393__OS__to__YA,expression_linear,1.0,6,6,GSE298393:GSM9013405,1,0.9995150106047761,7.6308984257426875,1
within_flight_pool,GSE298393__OS__to__YA,expression_linear,1.0,6,6,GSE298393:GSM9013406,1,0.9999897491020082,11.488134996323739,1
within_flight_pool,GSE298393__OS__to__YA,pca5_linear,1.0,6,6,GSE298393:GSM9013395,0,0.6254534285441455,0.5127607207864322,1
within_flight_pool,GSE298393__OS__to__YA,pca5_linear,1.0,6,6,GSE298393:GSM9013396,0,0.8942853751283033,2.1352816904057232,1
within_flight_pool,GSE298393__OS__to__YA,pca5_linear,1.0,6,6,GSE298393:GSM9013397,0,0.05303083713599025,-2.8823929525746976,0
within_flight_pool,GSE298393__OS__to__YA,pca5_linear,1.0,6,6,GSE298393:GSM9013404,1,0.9996446532662362,7.94206112045208,1
within_flight_pool,GSE298393__OS__to__YA,pca5_linear,1.0,6,6,GSE298393:GSM9013405,1,0.9995150106047761,7.630898425742638,1
within_flight_pool,GSE298393__OS__to__YA,pca5_linear,1.0,6,6,GSE298393:GSM9013406,1,0.9999897491020082,11.48813499632372,1
within_flight_pool,GSE298393__OS__to__YA,bridge_mean_linear,1.0,6,6,GSE298393:GSM9013395,0,0.9191475439487895,2.4308206943987263,1
within_flight_pool,GSE298393__OS__to__YA,bridge_mean_linear,1.0,6,6,GSE298393:GSM9013396,0,0.9968620479988007,5.761042035076794,1
within_flight_pool,GSE298393__OS__to__YA,bridge_mean_linear,1.0,6,6,GSE298393:GSM9013397,0,0.14702173332060756,-1.7581536469103385,0
within_flight_pool,GSE298393__OS__to__YA,bridge_mean_linear,1.0,6,6,GSE298393:GSM9013404,1,0.9992088412809851,7.141220482324617,1
within_flight_pool,GSE298393__OS__to__YA,bridge_mean_linear,1.0,6,6,GSE298393:GSM9013405,1,0.9986185842292497,6.583264014071404,1
within_flight_pool,GSE298393__OS__to__YA,bridge_mean_linear,1.0,6,6,GSE298393:GSM9013406,1,0.9999932732240993,11.909407866094924,1
within_flight_pool,GSE298393__OS__to__YA,bridge_mean_std_linear,1.0,6,6,GSE298393:GSM9013395,0,0.3050188348433557,-0.82351121641802,0
within_flight_pool,GSE298393__OS__to__YA,bridge_mean_std_linear,1.0,6,6,GSE298393:GSM9013396,0,0.29302364323509356,-0.8807439243069506,0
within_flight_pool,GSE298393__OS__to__YA,bridge_mean_std_linear,1.0,6,6,GSE298393:GSM9013397,0,0.016716967863379492,-4.0744727622709505,0
within_flight_pool,GSE298393__OS__to__YA,bridge_mean_std_linear,1.0,6,6,GSE298393:GSM9013404,1,0.9996583071482936,7.981256567613969,1
within_flight_pool,GSE298393__OS__to__YA,bridge_mean_std_linear,1.0,6,6,GSE298393:GSM9013405,1,0.9981452912959239,6.288171197290815,1
within_flight_pool,GSE298393__OS__to__YA,bridge_mean_std_linear,1.0,6,6,GSE298393:GSM9013406,1,0.9999785644391783,10.750437858641316,1
within_flight_pool,GSE298393__OS__to__YA,pool_metadata_linear,1.0,6,6,GSE298393:GSM9013395,0,0.5,0.0,1
within_flight_pool,GSE298393__OS__to__YA,pool_metadata_linear,1.0,6,6,GSE298393:GSM9013396,0,0.5,0.0,1
within_flight_pool,GSE298393__OS__to__YA,pool_metadata_linear,1.0,6,6,GSE298393:GSM9013397,0,0.5,0.0,1
within_flight_pool,GSE298393__OS__to__YA,pool_metadata_linear,1.0,6,6,GSE298393:GSM9013404,1,0.5,0.0,1
within_flight_pool,GSE298393__OS__to__YA,pool_metadata_linear,1.0,6,6,GSE298393:GSM9013405,1,0.5,0.0,1
within_flight_pool,GSE298393__OS__to__YA,pool_metadata_linear,1.0,6,6,GSE298393:GSM9013406,1,0.5,0.0,1
